lastname,firstname,Ccode,Word Count,year,month,distrust,task,bace,igb,sc,cc,power,name
al-Assad,Bashar,652,7620,2000,7,0.23255814,0.687679083,0.394117647,0.276995305,0.237288136,0.585106383,0.375,Bashar al-Assad
al-Assad,Bashar,652,10449,2005,11,0.267657993,0.618025751,0.334355828,0.147826087,0.364864865,0.575039494,0.301538462,Bashar al-Assad
al-Assad,Bashar,652,4846,2006,1,0.25,0.673469388,0.32967033,0.2,0.294117647,0.585443038,0.27173913,Bashar al-Assad
al-Assad,Bashar,652,8228,2006,8,0.300925926,0.553672316,0.406451613,0.16091954,0.447368421,0.598165138,0.25,Bashar al-Assad
al-Assad,Bashar,652,10626,2010,5,0.197435897,0.522123894,0.347953216,0.120622568,0.388157895,0.632063075,0.224924012,Bashar al-Assad
al-Assad,Bashar,652,11706,2011,1,0.24137931,0.575630252,0.365853659,0.093103448,0.372781065,0.682672234,0.228323699,Bashar al-Assad
al-Assad,Bashar,652,5702,2011,12,0.397260274,0.433497537,0.424242424,0.062068966,0.286713287,0.570707071,0.219730942,Bashar al-Assad
al-Assad,Bashar,652,5520,2011,3,0.252252252,0.641350211,0.37254902,0.162921348,0.436619718,0.648793566,0.23,Bashar al-Assad
al-Assad,Bashar,652,6274,2011,4,0.201550388,0.745519713,0.352631579,0.070588235,0.52,0.595402299,0.273743017,Bashar al-Assad
al-Assad,Bashar,652,9694,2012,6,0.408376963,0.663573086,0.323651452,0.136752137,0.328767123,0.632798574,0.248979592,Bashar al-Assad
Andropov,Yurii,365,5248,1983,3,0.171270718,0.66509434,0.380434783,0.141843972,0.333333333,0.588859416,0.326086957,Yurii Andropov
Aquino,Corazon,840,4115,1988,7,0.1375,0.617647059,0.313559322,0.164383562,0.290322581,0.559782609,0.338983051,Corazon Aquino
Aquino,Corazon,840,6298,1990,7,0.2,0.673228346,0.334728033,0.186629526,0.212121212,0.574898785,0.348178138,Corazon Aquino
Aquino,Corazon,840,4062,1991,7,0.272727273,0.558139535,0.388888889,0.242424242,0.19047619,0.537777778,0.31496063,Corazon Aquino
Arroyo,Gloria,840,4994,2001,7,0.130434783,0.633333333,0.374100719,0.086614173,0.183333333,0.553333333,0.283687943,Gloria Arroyo
Arroyo,Gloria,840,4103,2002,7,0.424242424,0.58778626,0.4296875,0.206521739,0.219512195,0.51875,0.330708661,Gloria Arroyo
Bhutto,Zulfikar,770,5229,1970,1,0.065217391,0.478527607,0.505494505,0.178571429,0.153846154,0.671755725,0.296703297,Zulfikar Bhutto
Bhutto,Zulfikar,770,4647,1971,12,0.182539683,0.49068323,0.47133758,0.133333333,0.333333333,0.718367347,0.220779221,Zulfikar Bhutto
Bhutto,Zulfikar,770,4508,1971,2,0.068965517,0.5,0.436170213,0.078947368,0.226415094,0.582608696,0.170454545,Zulfikar Bhutto
Bhutto,Zulfikar,770,6874,1973,1,0.088235294,0.574358974,0.387559809,0.147887324,0.466019417,0.666026871,0.231527094,Zulfikar Bhutto
Bierut,Boleslaw,290,21426,1950,7,0.348101266,0.888788427,0.362831858,0.119148936,0.333333333,0.550790068,0.308333333,Boleslaw Bierut
Brezhnev,Leonid ,365,4981,1970,8,0.111702128,0.658767773,0.373493976,0.135338346,0.363636364,0.557553957,0.337209302,Leonid  Brezhnev
Brezhnev,Leonid ,365,7142,1972,1,0.069400631,0.673352436,0.433070866,0.150753769,0.4,0.569444444,0.296875,Leonid  Brezhnev
Brezhnev,Leonid ,365,9610,1974,4,0.133333333,0.695852535,0.389162562,0.144827586,0.571428571,0.573502722,0.259803922,Leonid  Brezhnev
Brezhnev,Leonid ,365,5793,1976,11,0.198237885,0.583333333,0.414414414,0.126436782,0.258064516,0.511392405,0.3125,Leonid  Brezhnev
Castro,Fidel,40,33520,1959,1,0.341375151,0.454635108,0.423597679,0.17989418,0.358558559,0.532874946,0.285996055,Fidel Castro
Castro,Fidel,40,5950,1959,2,0.308823529,0.685393258,0.439613527,0.097560976,0.416666667,0.632352941,0.209183673,Fidel Castro
Castro,Fidel,40,14950,1960,2,0.424242424,0.744680851,0.463104326,0.084130019,0.166666667,0.592764378,0.260273973,Fidel Castro
Castro,Fidel,40,16584,1961,1,0.58190709,0.507352941,0.395209581,0.145695364,0.166666667,0.543280182,0.326347305,Fidel Castro
Castro,Fidel,40,28832,1961,3,0.627043091,0.538024972,0.4,0.121165644,0.35,0.545977011,0.29707113,Fidel Castro
Castro,Fidel,40,8544,1961,4,0.498113208,0.625,0.3625,0.057971014,0.3,0.533589251,0.266233766,Fidel Castro
Castro,Fidel,40,23759,1961,5,0.46870229,0.524644031,0.358050847,0.167763158,0.303030303,0.518957346,0.26681128,Fidel Castro
Castro,Fidel,40,13282,1961,6,0.385416667,0.594936709,0.270175439,0.175373134,0.513888889,0.565014032,0.245551601,Fidel Castro
Castro,Fidel,40,16123,1961,7,0.596348884,0.619047619,0.353773585,0.107843137,0.434782609,0.489222118,0.322115385,Fidel Castro
Castro,Fidel,40,16206,1962,10,0.459657702,0.590979782,0.401486989,0.160756501,0.695652174,0.587352626,0.292307692,Fidel Castro
Castro,Fidel,40,11195,1962,6,0.513605442,0.763934426,0.333333333,0.136563877,0.380952381,0.533248082,0.289772727,Fidel Castro
Castro,Fidel,40,23427,1962,7,0.478540773,0.617046819,0.401481481,0.16772554,0.423076923,0.480961924,0.310240964,Fidel Castro
Castro,Fidel,40,10316,1962,8,0.52972973,0.707386364,0.326923077,0.087301587,0.5625,0.514005602,0.248803828,Fidel Castro
Castro,Fidel,40,13684,1962,9,0.518518519,0.655511811,0.368888889,0.147582697,0.666666667,0.563946407,0.274418605,Fidel Castro
Castro,Fidel,40,6918,1963,1,0.489626556,0.459459459,0.386503067,0.155555556,0.35,0.592592593,0.366459627,Fidel Castro
Castro,Fidel,40,19238,1963,2,0.483464567,0.739495798,0.376651982,0.09469697,0.465517241,0.551068884,0.30044843,Fidel Castro
Castro,Fidel,40,10017,1964,2,0.388535032,0.756440281,0.402097902,0.056603774,0.673913043,0.515272244,0.208029197,Fidel Castro
Castro,Fidel,40,7781,1965,1,0.363636364,0.835294118,0.412429379,0.105769231,0.5,0.598639456,0.257309942,Fidel Castro
Castro,Fidel,40,15523,1965,10,0.264705882,0.573643411,0.396825397,0.145785877,0.298245614,0.539040452,0.310991957,Fidel Castro
Castro,Fidel,40,23408,1965,11,0.297385621,0.776298269,0.422338569,0.114808652,0.608,0.634414832,0.237226277,Fidel Castro
Castro,Fidel,40,23795,1965,2,0.379120879,0.722151088,0.427777778,0.100263852,0.524475524,0.587285044,0.249287749,Fidel Castro
Castro,Fidel,40,8773,1965,3,0.579487179,0.641114983,0.352272727,0.173745174,0.692307692,0.542056075,0.271186441,Fidel Castro
Castro,Fidel,40,8955,1965,4,0.56097561,0.613899614,0.437007874,0.074498567,0.45,0.619127517,0.256097561,Fidel Castro
Castro,Fidel,40,27987,1965,5,0.523746702,0.57354618,0.337526205,0.145,0.35,0.598680594,0.328389831,Fidel Castro
Castro,Fidel,40,38878,1965,6,0.338842975,0.682743029,0.35479798,0.123028391,0.408,0.606523248,0.243622449,Fidel Castro
Castro,Fidel,40,24699,1965,7,0.415492958,0.678436318,0.366666667,0.133766234,0.62195122,0.608294931,0.283828383,Fidel Castro
Castro,Fidel,40,8497,1965,9,0.306451613,0.70212766,0.354497354,0.082191781,0.326086957,0.611893584,0.259668508,Fidel Castro
Castro,Fidel,40,30978,1966,12,0.35440613,0.76754386,0.424012158,0.112531969,0.386554622,0.606162735,0.275808937,Fidel Castro
Castro,Fidel,40,34772,1966,2,0.293772033,0.635983264,0.395264117,0.094313454,0.550847458,0.59764386,0.225325885,Fidel Castro
Castro,Fidel,40,26959,1966,3,0.491782554,0.529625151,0.342359768,0.133027523,0.358695652,0.581871345,0.298804781,Fidel Castro
Castro,Fidel,40,21267,1966,4,0.466501241,0.711566618,0.406619385,0.12633833,0.404761905,0.624028269,0.240196078,Fidel Castro
Castro,Fidel,40,10211,1966,5,0.497076023,0.694362018,0.376569038,0.118032787,0.5,0.623497997,0.25106383,Fidel Castro
Castro,Fidel,40,5792,1966,6,0.4921875,0.449152542,0.290697674,0.183206107,0.5,0.614035088,0.25,Fidel Castro
Castro,Fidel,40,19404,1966,7,0.391509434,0.648026316,0.32118451,0.090707965,0.36,0.602771363,0.236533958,Fidel Castro
Castro,Fidel,40,25126,1966,8,0.425818882,0.732018561,0.371559633,0.125166445,0.340425532,0.53814554,0.236966825,Fidel Castro
Castro,Fidel,40,31761,1966,9,0.393700787,0.706002035,0.387055838,0.106635071,0.438202247,0.563036602,0.285528031,Fidel Castro
Castro,Fidel,40,28056,1967,1,0.284569138,0.722342733,0.404669261,0.091338583,0.35443038,0.604664391,0.265720081,Fidel Castro
Castro,Fidel,40,7027,1967,10,0.273972603,0.788359788,0.475524476,0.134831461,0.428571429,0.533333333,0.301470588,Fidel Castro
Castro,Fidel,40,11795,1967,2,0.196850394,0.8062954,0.42081448,0.162055336,0.270833333,0.534285714,0.201877934,Fidel Castro
Castro,Fidel,40,16064,1967,3,0.311627907,0.625423729,0.272251309,0.148698885,0.266666667,0.608851675,0.272727273,Fidel Castro
Castro,Fidel,40,22339,1967,4,0.460215054,0.643192488,0.337408313,0.122580645,0.333333333,0.612109115,0.213032581,Fidel Castro
Castro,Fidel,40,25261,1967,5,0.273542601,0.714285714,0.44363104,0.070261438,0.356321839,0.592476489,0.202111614,Fidel Castro
Castro,Fidel,40,18765,1967,7,0.392749245,0.708722741,0.390728477,0.137809187,0.425,0.530612245,0.269141531,Fidel Castro
Castro,Fidel,40,18335,1967,8,0.440134907,0.590524535,0.313888889,0.071604938,0.375,0.564678544,0.242165242,Fidel Castro
Castro,Fidel,40,16906,1967,9,0.385390428,0.762923351,0.380327869,0.137640449,0.380952381,0.589420655,0.257627119,Fidel Castro
Castro,Fidel,40,28018,1968,1,0.335952849,0.653390743,0.322241681,0.113821138,0.53125,0.591478697,0.243144424,Fidel Castro
Castro,Fidel,40,19304,1968,10,0.456375839,0.704081633,0.291666667,0.141809291,0.421052632,0.574162679,0.203846154,Fidel Castro
Castro,Fidel,40,10041,1968,11,0.145833333,0.816608997,0.444444444,0.086206897,0.4375,0.580831409,0.208333333,Fidel Castro
Castro,Fidel,40,8988,1968,12,0.232323232,0.737903226,0.369863014,0.156626506,0.619047619,0.567524116,0.153284672,Fidel Castro
Castro,Fidel,40,32308,1968,3,0.325714286,0.725856698,0.367265469,0.111298482,0.377358491,0.588734913,0.203742204,Fidel Castro
Castro,Fidel,40,26994,1968,4,0.463414634,0.735739232,0.400468384,0.133333333,0.468085106,0.595613048,0.272300469,Fidel Castro
Castro,Fidel,40,5859,1968,5,0.327868852,0.835,0.457831325,0.139130435,0.25,0.646875,0.265822785,Fidel Castro
Castro,Fidel,40,6006,1968,6,0.186046512,0.813253012,0.34,0.049586777,0.470588235,0.605691057,0.154639175,Fidel Castro
Castro,Fidel,40,26465,1968,7,0.33,0.730631704,0.367391304,0.116751269,0.603773585,0.585201794,0.2172949,Fidel Castro
Castro,Fidel,40,13891,1968,8,0.41509434,0.56,0.407114625,0.058823529,0.354166667,0.57367829,0.218623482,Fidel Castro
Castro,Fidel,40,12697,1968,9,0.367021277,0.8125,0.371428571,0.086956522,0.5,0.517808219,0.185185185,Fidel Castro
Castro,Fidel,40,25337,1969,1,0.178137652,0.772486772,0.409230769,0.10787172,0.467741935,0.566908372,0.201954397,Fidel Castro
Castro,Fidel,40,23118,1969,10,0.354166667,0.818435754,0.388888889,0.114782609,0.363636364,0.578761062,0.215730337,Fidel Castro
Castro,Fidel,40,9337,1969,11,0.36196319,0.733552632,0.356321839,0.13304721,0.35,0.565028902,0.177514793,Fidel Castro
Castro,Fidel,40,9750,1969,3,0.247126437,0.856807512,0.290697674,0.122881356,0.142857143,0.568942436,0.265060241,Fidel Castro
Castro,Fidel,40,22736,1969,5,0.25462963,0.773413897,0.353140917,0.084745763,0.53030303,0.621231979,0.194690265,Fidel Castro
Castro,Fidel,40,10013,1969,6,0.340740741,0.587378641,0.273684211,0.21875,0.666666667,0.537828947,0.315217391,Fidel Castro
Castro,Fidel,40,11427,1969,7,0.514705882,0.756892231,0.45045045,0.057507987,0.571428571,0.553108808,0.216981132,Fidel Castro
Castro,Fidel,40,13777,1971,1,0.340163934,0.787610619,0.39408867,0.161616162,0.25,0.582251082,0.328125,Fidel Castro
Castro,Fidel,40,94019,1971,11,0.341135458,0.634362681,0.361768127,0.132063882,0.372294372,0.570907281,0.21396851,Fidel Castro
Castro,Fidel,40,27965,1971,12,0.385527877,0.605779154,0.338211382,0.120516499,0.381443299,0.583229814,0.206132879,Fidel Castro
Castro,Fidel,40,32665,1971,4,0.337837838,0.729776248,0.339403974,0.108851675,0.444444444,0.601156069,0.255136986,Fidel Castro
Castro,Fidel,40,29040,1971,5,0.262254902,0.821499014,0.416913947,0.108404385,0.582089552,0.573464373,0.259141494,Fidel Castro
Castro,Fidel,40,19031,1971,6,0.478723404,0.757142857,0.322404372,0.122727273,0.46,0.557109557,0.261363636,Fidel Castro
Castro,Fidel,40,29775,1971,7,0.311578947,0.75,0.348726115,0.151436031,0.445783133,0.580520199,0.246280992,Fidel Castro
Castro,Fidel,40,16051,1971,8,0.393023256,0.593001842,0.313539192,0.132978723,0.43902439,0.522889115,0.259615385,Fidel Castro
Castro,Fidel,40,15402,1971,9,0.259615385,0.758677686,0.371527778,0.116766467,0.695652174,0.643201543,0.303886926,Fidel Castro
Castro,Fidel,40,30210,1972,5,0.246060606,0.576955425,0.293478261,0.180232558,0.392857143,0.565630945,0.26953748,Fidel Castro
Castro,Fidel,40,24256,1972,6,0.275288092,0.593184239,0.256120527,0.133111481,0.417582418,0.577092511,0.204280156,Fidel Castro
Castro,Fidel,40,25382,1972,7,0.255400254,0.565306122,0.347245409,0.140186916,0.346153846,0.54389881,0.25,Fidel Castro
Castro,Fidel,40,4247,1972,8,0.234042553,0.657754011,0.307017544,0.083969466,0.217391304,0.558490566,0.201754386,Fidel Castro
Castro,Fidel,40,6942,1973,1,0.327731092,0.823308271,0.3125,0.098484848,0.25,0.610062893,0.223684211,Fidel Castro
Castro,Fidel,40,5521,1973,10,0.0703125,0.778801843,0.41,0.127819549,0.444444444,0.62369338,0.298969072,Fidel Castro
Castro,Fidel,40,15320,1973,11,0.197368421,0.73354232,0.361445783,0.131979695,0.285714286,0.593141798,0.270440252,Fidel Castro
Castro,Fidel,40,4639,1973,3,0.445652174,0.845303867,0.428571429,0.142857143,0.285714286,0.621428571,0.260416667,Fidel Castro
Castro,Fidel,40,19801,1973,5,0.216168717,0.684698609,0.30651341,0.227154047,0.625,0.645130183,0.296875,Fidel Castro
Castro,Fidel,40,8669,1973,7,0.380952381,0.676190476,0.264150943,0.215469613,0,0.477832512,0.301886792,Fidel Castro
Castro,Fidel,40,24815,1973,9,0.309194467,0.509615385,0.322834646,0.211881188,0.319148936,0.545135846,0.267716535,Fidel Castro
Castro,Fidel,40,7147,1974,1,0.217228464,0.464419476,0.373913043,0.264900662,0.239130435,0.525423729,0.307017544,Fidel Castro
Castro,Fidel,40,11175,1974,11,0.197132616,0.688679245,0.243654822,0.210884354,0.608695652,0.540802213,0.263681592,Fidel Castro
Castro,Fidel,40,6243,1974,12,0.11827957,0.774319066,0.47311828,0.171974522,0.363636364,0.569060773,0.241758242,Fidel Castro
Castro,Fidel,40,4684,1974,2,0.265151515,0.557971014,0.310344828,0.152542373,0.454545455,0.632352941,0.280701754,Fidel Castro
Castro,Fidel,40,7031,1974,3,0.282945736,0.53559322,0.367647059,0.349593496,0,0.51734104,0.342465753,Fidel Castro
Castro,Fidel,40,15949,1974,7,0.220708447,0.764900662,0.35472973,0.124590164,0.402777778,0.5,0.231316726,Fidel Castro
Castro,Fidel,40,7967,1974,9,0.255230126,0.692883895,0.322222222,0.131386861,0.5,0.568232662,0.266666667,Fidel Castro
Castro,Fidel,40,5357,1975,5,0.298507463,0.611111111,0.272727273,0.241935484,0,0.553903346,0.285714286,Fidel Castro
Castro,Fidel,40,9130,1975,7,0.078651685,0.694444444,0.328431373,0.219230769,0.388888889,0.541266795,0.273195876,Fidel Castro
Castro,Fidel,40,10695,1975,9,0.085034014,0.770234987,0.367647059,0.177993528,0.4,0.624398074,0.295,Fidel Castro
Castro,Fidel,40,4686,1976,11,0.06779661,0.776119403,0.369863014,0.12,0.4375,0.556430446,0.208955224,Fidel Castro
Castro,Fidel,40,8001,1976,12,0.324232082,0.673913043,0.317241379,0.25,0.583333333,0.533755274,0.34057971,Fidel Castro
Castro,Fidel,40,7041,1976,6,0.427083333,0.621145374,0.327586207,0.137931034,0.571428571,0.629032258,0.241666667,Fidel Castro
Castro,Fidel,40,10025,1976,7,0.234972678,0.659846547,0.329032258,0.2760181,0.48,0.615384615,0.278145695,Fidel Castro
Castro,Fidel,40,7246,1977,10,0.317647059,0.522556391,0.368852459,0.136,0.294117647,0.651869159,0.179487179,Fidel Castro
Castro,Fidel,40,13194,1977,12,0.242290749,0.682222222,0.439506173,0.16700611,0.442307692,0.58539604,0.258883249,Fidel Castro
Castro,Fidel,40,12971,1977,5,0.126373626,0.7470726,0.361867704,0.108,0.428571429,0.610458911,0.243801653,Fidel Castro
Castro,Fidel,40,7907,1977,6,0.141176471,0.753191489,0.324137931,0.0625,0.34,0.638109306,0.151079137,Fidel Castro
Castro,Fidel,40,36867,1977,7,0.153696498,0.745922747,0.431279621,0.130054645,0.39375,0.595476294,0.211895911,Fidel Castro
Castro,Fidel,40,5646,1978,1,0.255813953,0.814814815,0.489361702,0.155688623,0.181818182,0.655279503,0.244444444,Fidel Castro
Castro,Fidel,40,20924,1978,12,0.197916667,0.777511962,0.429230769,0.134110787,0.492753623,0.608351332,0.210272873,Fidel Castro
Castro,Fidel,40,5511,1978,2,0.163934426,0.792899408,0.242105263,0.08490566,0.5,0.626198083,0.193181818,Fidel Castro
Castro,Fidel,40,11624,1978,3,0.30420712,0.581920904,0.35,0.228971963,0.65,0.625,0.283018868,Fidel Castro
Castro,Fidel,40,8308,1978,6,0.456193353,0.5,0.227272727,0.219626168,0.285714286,0.508641975,0.256880734,Fidel Castro
Castro,Fidel,40,11618,1978,7,0.111940299,0.786486486,0.296774194,0.139372822,0.473684211,0.551507538,0.202702703,Fidel Castro
Castro,Fidel,40,8224,1978,9,0.240223464,0.723809524,0.350993377,0.115789474,0.4,0.561461794,0.248275862,Fidel Castro
Castro,Fidel,40,5357,1979,1,0.422077922,0.603015075,0.256880734,0.264248705,0.333333333,0.56402439,0.353448276,Fidel Castro
Castro,Fidel,40,12104,1979,10,0.170960187,0.663793103,0.330935252,0.127388535,0.394736842,0.555244755,0.242857143,Fidel Castro
Castro,Fidel,40,10678,1979,12,0.188888889,0.790243902,0.416666667,0.110410095,0.590909091,0.599049128,0.311965812,Fidel Castro
Castro,Fidel,40,11222,1979,3,0.186170213,0.638888889,0.35,0.167785235,0.459016393,0.617466175,0.235087719,Fidel Castro
Castro,Fidel,40,15351,1979,7,0.240506329,0.641404806,0.345108696,0.128735632,0.542168675,0.564516129,0.225433526,Fidel Castro
Castro,Fidel,40,8226,1979,9,0.329931973,0.452247191,0.296703297,0.176229508,0.2,0.510373444,0.284946237,Fidel Castro
Castro,Fidel,40,17438,1980,10,0.153846154,0.727099237,0.333333333,0.140271493,0.62962963,0.61380597,0.204878049,Fidel Castro
Castro,Fidel,40,50490,1980,12,0.243445693,0.802708804,0.345679012,0.170596394,0.25,0.569652808,0.316455696,Fidel Castro
Castro,Fidel,40,13437,1980,3,0.225694444,0.782945736,0.368811881,0.129107981,0.494382022,0.657282742,0.30104712,Fidel Castro
Castro,Fidel,40,10278,1980,5,0.319838057,0.606321839,0.389558233,0.190322581,0.441176471,0.58010118,0.294820717,Fidel Castro
Castro,Fidel,40,7955,1980,6,0.418181818,0.65470852,0.370192308,0.144032922,0.510638298,0.612048193,0.222772277,Fidel Castro
Castro,Fidel,40,16347,1980,7,0.307692308,0.598130841,0.315899582,0.18115942,0.385185185,0.599605523,0.241304348,Fidel Castro
Castro,Fidel,40,15416,1980,9,0.195876289,0.738045738,0.300353357,0.11746988,0.493333333,0.615302869,0.197026022,Fidel Castro
Castro,Fidel,40,21154,1981,1,0.397626113,0.715568862,0.344941957,0.163610719,0.565656566,0.577710387,0.270833333,Fidel Castro
Castro,Fidel,40,15763,1981,10,0.324324324,0.614564831,0.396067416,0.168865435,0.4,0.593082401,0.260233918,Fidel Castro
Castro,Fidel,40,20914,1981,4,0.360681115,0.592297477,0.315217391,0.181972789,0.375,0.591150442,0.363387978,Fidel Castro
Castro,Fidel,40,8076,1981,5,0.339449541,0.703071672,0.475728155,0.20610687,0.323529412,0.622605364,0.344660194,Fidel Castro
Castro,Fidel,40,22818,1981,7,0.188861985,0.824444444,0.353982301,0.13164557,0.551282051,0.578413284,0.249240122,Fidel Castro
Castro,Fidel,40,16755,1981,9,0.338742394,0.671487603,0.366255144,0.184782609,0.372881356,0.611111111,0.278481013,Fidel Castro
Castro,Fidel,40,31303,1982,12,0.244094488,0.674528302,0.359649123,0.122340426,0.565714286,0.606434316,0.268072289,Fidel Castro
Castro,Fidel,40,9466,1982,2,0.376760563,0.679012346,0.327272727,0.142857143,,0.581740977,0.192307692,Fidel Castro
Castro,Fidel,40,11093,1982,3,0.15625,0.669753086,0.328947368,0.165109034,0.532258065,0.609226594,0.25,Fidel Castro
Castro,Fidel,40,27271,1982,4,0.174204355,0.675572519,0.349036403,0.104225352,0.361305361,0.639163916,0.237250554,Fidel Castro
Castro,Fidel,40,16300,1982,5,0.242537313,0.678132678,0.325688073,0.092457421,0.518248175,0.618584071,0.229468599,Fidel Castro
Castro,Fidel,40,9595,1982,7,0.072916667,0.775362319,0.358139535,0.113513514,0.5,0.631118881,0.185365854,Fidel Castro
Castro,Fidel,40,6883,1983,11,0.311965812,0.543589744,0.279069767,0.12244898,,0.57925072,0.255813953,Fidel Castro
Castro,Fidel,40,10735,1983,3,0.164739884,0.5839599,0.285714286,0.170854271,0.303030303,0.552315609,0.263888889,Fidel Castro
Castro,Fidel,40,8919,1983,5,0.276923077,0.715254237,0.383419689,0.102803738,0.456521739,0.611806798,0.223463687,Fidel Castro
Castro,Fidel,40,14074,1983,7,0.368231047,0.588235294,0.373860182,0.205188679,0.433333333,0.594423321,0.320754717,Fidel Castro
Castro,Fidel,40,10340,1983,9,0.15037594,0.73030303,0.472477064,0.132231405,0.452830189,0.642184557,0.303738318,Fidel Castro
Castro,Fidel,40,6299,1984,1,0.419889503,0.56684492,0.364963504,0.242105263,0.375,0.581218274,0.417910448,Fidel Castro
Castro,Fidel,40,4650,1984,10,0.087209302,0.577689243,0.32,0.157575758,0.260869565,0.576271186,0.292682927,Fidel Castro
Castro,Fidel,40,14614,1984,11,0.129807692,0.686131387,0.380246914,0.115384615,0.466666667,0.621586476,0.3025,Fidel Castro
Castro,Fidel,40,60289,1984,12,0.194128788,0.743482795,0.371741397,0.118811881,0.496717724,0.611407373,0.22459893,Fidel Castro
Castro,Fidel,40,9284,1984,2,0.228971963,0.666666667,0.308474576,0.110787172,0.302325581,0.629126214,0.231884058,Fidel Castro
Castro,Fidel,40,29766,1984,5,0.315217391,0.725344645,0.357710652,0.117816092,0.552631579,0.599175683,0.248756219,Fidel Castro
Castro,Fidel,40,12379,1984,7,0.248868778,0.756264237,0.362934363,0.179153094,0.47826087,0.523076923,0.3046875,Fidel Castro
Castro,Fidel,40,24068,1985,1,0.160092807,0.633093525,0.359649123,0.134268537,0.412121212,0.645179692,0.248868778,Fidel Castro
Castro,Fidel,40,15261,1985,10,0.121212121,0.567924528,0.409978308,0.103365385,0.562913907,0.670442842,0.248306998,Fidel Castro
Castro,Fidel,40,17603,1985,12,0.147540984,0.703374778,0.325431034,0.173501577,0.486607143,0.666061706,0.25,Fidel Castro
Castro,Fidel,40,12302,1985,3,0.202764977,0.737588652,0.342412451,0.097165992,0.387096774,0.671291355,0.243027888,Fidel Castro
Castro,Fidel,40,28814,1985,6,0.121163166,0.687906372,0.376923077,0.106976744,0.413669065,0.670582227,0.228929385,Fidel Castro
Castro,Fidel,40,22995,1985,7,0.216704289,0.698612863,0.352657005,0.14084507,0.437209302,0.631759069,0.251231527,Fidel Castro
Castro,Fidel,40,17465,1985,8,0.163120567,0.671899529,0.381551363,0.134146341,0.463302752,0.591798695,0.195329087,Fidel Castro
Castro,Fidel,40,10695,1985,9,0.185606061,0.74151436,0.370106762,0.114068441,0.548076923,0.622585438,0.28,Fidel Castro
Castro,Fidel,40,45717,1986,12,0.195652174,0.78314746,0.387096774,0.103392569,0.473300971,0.605633803,0.225114855,Fidel Castro
Castro,Fidel,40,33823,1987,1,0.191637631,0.762027491,0.391416309,0.106157113,0.469194313,0.652831652,0.224307417,Fidel Castro
Castro,Fidel,40,4772,1987,10,0.245283019,0.609589041,0.352941176,0.127118644,0.465753425,0.642172524,0.225165563,Fidel Castro
Castro,Fidel,40,15738,1987,11,0.166666667,0.718518519,0.444625407,0.085346216,0.378378378,0.666970803,0.239057239,Fidel Castro
Castro,Fidel,40,6588,1987,12,0.194444444,0.714828897,0.394648829,0.181415929,0.495726496,0.55,0.286206897,Fidel Castro
Castro,Fidel,40,12937,1987,2,0.106122449,0.744019139,0.414396887,0.102449889,0.531073446,0.62394958,0.214285714,Fidel Castro
Castro,Fidel,40,16304,1987,4,0.232346241,0.747368421,0.341246291,0.165789474,0.603960396,0.575604839,0.18597561,Fidel Castro
Castro,Fidel,40,17053,1987,5,0.095505618,0.779130435,0.330232558,0.100938967,0.548076923,0.62969141,0.242130751,Fidel Castro
Castro,Fidel,40,34056,1987,6,0.373770492,0.633992095,0.359298929,0.093795094,0.336755647,0.631505576,0.198807157,Fidel Castro
Castro,Fidel,40,21780,1987,7,0.248502994,0.73512252,0.381188119,0.145936982,0.380116959,0.627906977,0.218644068,Fidel Castro
Castro,Fidel,40,4263,1987,8,0.272727273,0.67768595,0.2,0.189873418,1,0.607142857,0.152173913,Fidel Castro
Castro,Fidel,40,29674,1987,9,0.194444444,0.754353804,0.380269058,0.118164063,0.416666667,0.623767514,0.23583181,Fidel Castro
Castro,Fidel,40,19249,1988,1,0.215686275,0.652849741,0.413400759,0.113057325,0.530405405,0.618122977,0.21231979,Fidel Castro
Castro,Fidel,40,11246,1988,10,0.070175439,0.702005731,0.376068376,0.119834711,0.490322581,0.63003663,0.194117647,Fidel Castro
Castro,Fidel,40,27680,1988,11,0.285714286,0.793253536,0.374319913,0.107611549,0.44648318,0.619917501,0.204983012,Fidel Castro
Castro,Fidel,40,20865,1988,12,0.274038462,0.604488079,0.375494071,0.152,0.460122699,0.607221813,0.273333333,Fidel Castro
Castro,Fidel,40,9130,1988,4,0.197802198,0.756756757,0.417808219,0.19650655,0.40952381,0.624542125,0.237762238,Fidel Castro
Castro,Fidel,40,19223,1988,5,0.2,0.708646617,0.412698413,0.089766607,0.595,0.678018576,0.223154362,Fidel Castro
Castro,Fidel,40,23539,1988,7,0.153284672,0.709962169,0.420199501,0.12372449,0.485436893,0.602228047,0.232947233,Fidel Castro
Castro,Fidel,40,19030,1988,9,0.113074205,0.660952381,0.362804878,0.124535316,0.522900763,0.643367752,0.192307692,Fidel Castro
Castro,Fidel,40,49653,1989,1,0.233333333,0.693418941,0.391363023,0.15060241,0.524590164,0.598956635,0.25,Fidel Castro
Castro,Fidel,40,39131,1989,10,0.186147186,0.755555556,0.406716418,0.104895105,0.396788991,0.632741617,0.238278248,Fidel Castro
Castro,Fidel,40,43400,1989,12,0.229970326,0.744733581,0.40981241,0.132450331,0.463806971,0.638111888,0.232102487,Fidel Castro
Castro,Fidel,40,19128,1989,2,0.140151515,0.698412698,0.385083714,0.098196393,0.527210884,0.636090226,0.2208,Fidel Castro
Castro,Fidel,40,8426,1989,3,0.366120219,0.446735395,0.36407767,0.118942731,0.576271186,0.619377163,0.229591837,Fidel Castro
Castro,Fidel,40,5126,1989,4,0.145038168,0.528384279,0.377358491,0.16875,0.481481481,0.532051282,0.283870968,Fidel Castro
Castro,Fidel,40,26162,1989,5,0.114678899,0.780564263,0.3860252,0.111756168,0.482315113,0.656365884,0.219570406,Fidel Castro
Castro,Fidel,40,11791,1989,6,0.019607843,0.662404092,0.449438202,0.088888889,0.391304348,0.629213483,0.198598131,Fidel Castro
Castro,Fidel,40,49464,1989,7,0.260818713,0.683495146,0.359078591,0.106603023,0.452336449,0.579617834,0.256747405,Fidel Castro
Castro,Fidel,40,15859,1989,9,0.083682008,0.682539683,0.383259912,0.172222222,0.486772487,0.599229287,0.203196347,Fidel Castro
Castro,Fidel,40,21171,1990,1,0.196765499,0.629324547,0.375848033,0.116110305,0.49321267,0.677063028,0.221751412,Fidel Castro
Castro,Fidel,40,15214,1990,10,0.081761006,0.763796909,0.346221441,0.095238095,0.445544554,0.634782609,0.197106691,Fidel Castro
Castro,Fidel,40,37704,1990,12,0.175471698,0.725719424,0.435269419,0.1011994,0.388601036,0.656299841,0.24981577,Fidel Castro
Castro,Fidel,40,27359,1990,2,0.173986486,0.624113475,0.4,0.105699482,0.388888889,0.598262758,0.241071429,Fidel Castro
Castro,Fidel,40,21883,1990,3,0.183856502,0.655122655,0.364454443,0.108208955,0.392523364,0.658872077,0.216589862,Fidel Castro
Castro,Fidel,40,11760,1990,4,0.220588235,0.484042553,0.382478632,0.127208481,0.446428571,0.593939394,0.144144144,Fidel Castro
Castro,Fidel,40,6126,1990,5,0.082191781,0.708920188,0.43772242,0.173745174,0.428571429,0.648325359,0.235294118,Fidel Castro
Castro,Fidel,40,26552,1990,7,0.193423598,0.719018405,0.39453125,0.07860262,0.55186722,0.63768997,0.197315436,Fidel Castro
Castro,Fidel,40,4293,1990,8,0.275,0.629370629,0.321428571,0.119402985,0.3,0.600746269,0.368421053,Fidel Castro
Castro,Fidel,40,17276,1990,9,0.172757475,0.801324503,0.458588957,0.092105263,0.43,0.61707989,0.2464,Fidel Castro
Castro,Fidel,40,12685,1991,1,0.101265823,0.771111111,0.379716981,0.177852349,0.397849462,0.695760599,0.196601942,Fidel Castro
Castro,Fidel,40,12701,1991,2,0.143518519,0.709424084,0.432801822,0.096202532,0.564356436,0.627329193,0.212264151,Fidel Castro
Castro,Fidel,40,25350,1991,3,0.174262735,0.667128988,0.369406868,0.114543115,0.468390805,0.627098321,0.216630197,Fidel Castro
Castro,Fidel,40,24369,1991,4,0.27480916,0.65576324,0.355297158,0.133247089,0.432432432,0.596899225,0.243206522,Fidel Castro
Castro,Fidel,40,8443,1992,10,0.292307692,0.77,0.388059701,0.176470588,0.426666667,0.60412758,0.263565891,Fidel Castro
Castro,Fidel,40,21613,1992,11,0.119777159,0.603143418,0.403877221,0.144404332,0.507614213,0.629677419,0.289608177,Fidel Castro
Castro,Fidel,40,24751,1992,12,0.126760563,0.624441133,0.415307403,0.126843658,0.514388489,0.629672225,0.216993464,Fidel Castro
Castro,Fidel,40,36564,1992,2,0.230508475,0.560953254,0.374255952,0.099521531,0.5,0.656626506,0.219251337,Fidel Castro
Castro,Fidel,40,11102,1992,3,0.099616858,0.709141274,0.32884097,0.080139373,0.5,0.557377049,0.202247191,Fidel Castro
Castro,Fidel,40,26256,1992,4,0.225882353,0.6774942,0.411695906,0.136708861,0.466101695,0.60176503,0.245145631,Fidel Castro
Castro,Fidel,40,21827,1992,5,0.13559322,0.653846154,0.418348624,0.108045977,0.442708333,0.660757946,0.156899811,Fidel Castro
Castro,Fidel,40,5774,1992,6,0.151515152,0.631578947,0.322033898,0.048780488,0.5,0.595959596,0.135746606,Fidel Castro
Castro,Fidel,40,18526,1992,9,0.168,0.72611465,0.39668175,0.113861386,0.398963731,0.5975,0.248447205,Fidel Castro
Castro,Fidel,40,17169,1993,11,0.168141593,0.689781022,0.383360522,0.183144246,0.389534884,0.616260163,0.283806344,Fidel Castro
Castro,Fidel,40,23386,1993,12,0.177339901,0.616740088,0.381395349,0.156706507,0.457236842,0.609530113,0.245783133,Fidel Castro
Castro,Fidel,40,38850,1993,2,0.167539267,0.673357664,0.368744513,0.166197183,0.483146067,0.653170906,0.282864914,Fidel Castro
Castro,Fidel,40,11860,1993,3,0.2,0.70890411,0.383561644,0.190938511,0.380952381,0.618247299,0.291970803,Fidel Castro
Castro,Fidel,40,6732,1993,7,0.11627907,0.683229814,0.376146789,0.095744681,0.441860465,0.629166667,0.229665072,Fidel Castro
Ceausescu,Nicolae,360,4432,1972,1,0.069518717,0.504237288,0.333333333,0.097560976,0.545454545,0.498181818,0.315789474,Nicolae Ceausescu
Ceausescu,Nicolae,360,4642,1974,4,0.056994819,0.537102473,0.412280702,0.212121212,0.379310345,0.473856209,0.351351351,Nicolae Ceausescu
Chavez,Hugo,101,5165,2003,9,0.101190476,0.565217391,0.43258427,0.167785235,0.361445783,0.590106007,0.215909091,Hugo Chavez
Chavez,Hugo,101,6597,2005,10,0.195121951,0.441747573,0.396039604,0.131221719,0.330578512,0.558404558,0.211469534,Hugo Chavez
Chavez,Hugo,101,6198,2005,9,0.314285714,0.426900585,0.330645161,0.121212121,0.314465409,0.629969419,0.227467811,Hugo Chavez
Chavez,Hugo,101,4365,2006,9,0.36416185,0.248062016,0.356643357,0.139240506,0.297029703,0.582644628,0.2,Hugo Chavez
Chavez,Hugo,101,5972,2007,3,0.311594203,0.5625,0.348122867,0.120879121,0.330578512,0.582716049,0.167247387,Hugo Chavez
Ciller,Tansu,640,5403,1995,4,0.173469388,0.583783784,0.394594595,0.181372549,0.283018868,0.588996764,0.394444444,Tansu Ciller
Desai ,Morarji,750,6933,1978,4,0.102564103,0.75210084,0.43,0.119565217,0.576923077,0.597560976,0.32,Morarji Desai 
Desai ,Morarji,750,5045,1978,7,0.15625,0.608938547,0.451612903,0.088235294,0.430894309,0.611413043,0.246666667,Morarji Desai 
Estrada,Joseph,840,5456,1999,7,0.152173913,0.568627451,0.365979381,0.107981221,0.177777778,0.608856089,0.310880829,Joseph Estrada
Estrada,Joseph,840,6209,2000,7,0.32,0.6,0.379310345,0.117647059,0.197674419,0.596721311,0.292397661,Joseph Estrada
Faure,Edgard,220,4389,1955,7,0.181818182,0.641860465,0.464285714,0.089552239,0.457142857,0.668831169,0.291139241,Edgard Faure
Gaddafi,Muammar,620,4062,1979,11,0.161764706,0.526315789,0.392592593,0.083333333,0.32038835,0.582329317,0.315384615,Muammar Gaddafi
Gaddafi,Muammar,620,12309,2009,9,0.15916955,0.535809019,0.395833333,0.097014925,0.323809524,0.645112782,0.243076923,Muammar Gaddafi
Gandhi,Indira ,750,8495,1982,3,0.126865672,0.688235294,0.333333333,0.133333333,0.298701299,0.567134269,0.268656716,Indira  Gandhi
Gandhi,Indira ,750,7017,1982,8,0.231404959,0.549586777,0.44017094,0.171875,0.273381295,0.682080925,0.29787234,Indira  Gandhi
Gandhi,Indira ,750,6281,1983,3,0.255555556,0.630769231,0.349315068,0.098591549,0.294871795,0.630170316,0.287671233,Indira  Gandhi
Gandhi,Indira ,750,6688,1983,8,0.224719101,0.6,0.357142857,0.156549521,0.295774648,0.6,0.27173913,Indira  Gandhi
Gandhi,Indira ,750,7097,1984,1,0.173076923,0.693877551,0.34529148,0.159259259,0.492063492,0.607421875,0.269767442,Indira  Gandhi
Gandhi,Rajiv,750,5902,1985,1,0.075949367,0.635514019,0.376146789,0.1375,0.265306122,0.535168196,0.259259259,Rajiv Gandhi
Gandhi,Rajiv,750,8441,1985,4,0.101351351,0.659942363,0.330508475,0.168618267,0.518518519,0.562,0.309455587,Rajiv Gandhi
Gandhi,Rajiv,750,8018,1985,5,0.116883117,0.689855072,0.371428571,0.113157895,0.434782609,0.538,0.312101911,Rajiv Gandhi
Gandhi,Rajiv,750,8376,1985,6,0.231884058,0.634502924,0.34169279,0.133704735,0.476190476,0.567961165,0.326923077,Rajiv Gandhi
Gandhi,Rajiv,750,6048,1986,4,0.185714286,0.76635514,0.438596491,0.149019608,0.125,0.505494505,0.316091954,Rajiv Gandhi
Gorbachev,Mikhail,365,4911,1985,10,0.197080292,0.739336493,0.483870968,0.069444444,0.555555556,0.570921986,0.314606742,Mikhail Gorbachev
Gorbachev,Mikhail,365,5755,1986,6,0.183908046,0.673151751,0.396226415,0.133891213,0.4,0.590361446,0.288461538,Mikhail Gorbachev
Gorbachev,Mikhail,365,9659,1990,6,0.110294118,0.704485488,0.435779817,0.115207373,0.348314607,0.583333333,0.23364486,Mikhail Gorbachev
Guevara,Che,160,4865,1960,11,0.110294118,0.727941176,0.370629371,0.070512821,0.269230769,0.688073394,0.251798561,Che Guevara
Guevara,Che,160,4069,1960,8,0.303571429,0.630769231,0.396694215,0.079207921,0.392156863,0.564784053,0.260504202,Che Guevara
Guevara,Che,160,5547,1961,4,0.386666667,0.612745098,0.235294118,0.156862745,,0.6,0.205882353,Che Guevara
Guevara,Che,160,14678,1961,8,0.132467532,0.653508772,0.404166667,0.107142857,0.25862069,0.624277457,0.255144033,Che Guevara
Guevara,Che,160,6686,1964,12,0.337962963,0.520361991,0.233009709,0.181208054,0,0.467032967,0.372727273,Che Guevara
Guevara,Che,160,8955,1964,3,0.24,0.659340659,0.397590361,0.0625,0,0.582375479,0.166666667,Che Guevara
Guevara,Che,160,4168,1965,2,0.304054054,0.636871508,0.372881356,0.114583333,0,0.564189189,0.306451613,Che Guevara
Gustav,Husak,315,16780,1971,5,0.187165775,0.797738693,0.342696629,0.144736842,0,0.489544895,0.318681319,Husak Gustav
Gustav,Husak,315,4536,1981,5,0.059602649,0.67,0.416666667,0.113207547,0,0.445714286,0.428571429,Husak Gustav
Gustav,Husak,315,4899,1982,4,0.06557377,0.838297872,0.348484848,0.137096774,0.428571429,0.495176849,0.426470588,Husak Gustav
Gustav,Husak,315,20552,1986,4,0.118421053,0.807692308,0.290196078,0.14416476,0.333333333,0.48440367,0.339694656,Husak Gustav
Honeker ,Erich,265,6134,1983,1,0.129186603,0.598101266,0.357894737,0.212328767,0.166666667,0.531034483,0.382352941,Erich Honeker 
Honeker ,Erich,265,4295,1985,10,0.118110236,0.618025751,0.333333333,0.171428571,0,0.565737052,0.327868852,Erich Honeker 
Hussein,Saddam,645,8853,1980,9,0.136882129,0.574712644,0.407051282,0.108761329,0.290909091,0.638418079,0.296052632,Saddam Hussein
Hussein,Saddam,645,4976,1981,10,0.185897436,0.67357513,0.266666667,0.091954023,0.689655172,0.625766871,0.241758242,Saddam Hussein
Hussein,Saddam,645,6010,1982,3,0.244274809,0.774038462,0.443113772,0.091836735,0.329411765,0.683783784,0.24691358,Saddam Hussein
Hussein,Saddam,645,4574,1985,3,0.375,0.581081081,0.322751323,0.125,0.184466019,0.654545455,0.167567568,Saddam Hussein
Hussein,Saddam,645,4307,1986,7,0.3125,0.687022901,0.298507463,0.12605042,0.125,0.757785467,0.318181818,Saddam Hussein
Hussein,Saddam,645,4729,1987,3,0.350877193,0.588235294,0.359605911,0.11299435,0.225,0.627388535,0.233830846,Saddam Hussein
Hussein,Saddam,645,13018,1988,5,0.426190476,0.724637681,0.428571429,0.078384798,0.381818182,0.6710013,0.350305499,Saddam Hussein
Hussein,Saddam,645,7503,1991,1,0.255102041,0.570247934,0.377777778,0.052380952,0.28440367,0.657079646,0.291187739,Saddam Hussein
Hussein,Saddam,645,4075,1996,1,0.189189189,0.682242991,0.290322581,0.068965517,0.203703704,0.593059937,0.139784946,Saddam Hussein
Hussein,Saddam,645,5370,2003,1,0.417910448,0.427631579,0.139534884,0.21875,0.5,0.467213115,0.260869565,Saddam Hussein
Izetbegovic,Aliija,346,4074,1991,7,0.137931034,0.6796875,0.24137931,0.027027027,0.457142857,0.617088608,0.168674699,Aliija Izetbegovic
Izetbegovic,Aliija,346,4837,1993,1,0.198198198,0.575221239,0.369230769,0.098765432,0.24137931,0.693693694,0.277777778,Aliija Izetbegovic
Jaruzelski,Wojciech,290,4321,1982,1,0.190082645,0.626086957,0.212121212,0.136363636,0.25,0.482213439,0.203125,Wojciech Jaruzelski
Jaruzelski,Wojciech,290,4927,1982,10,0.15,0.674796748,0.293103448,0.253521127,0.444444444,0.554054054,0.375,Wojciech Jaruzelski
Jayewardene ,Junius ,780,5457,1978,1,0.297297297,0.734265734,0.394160584,0.129251701,0.305555556,0.544827586,0.353846154,Junius  Jayewardene 
Jayewardene ,Junius ,780,4467,1978,5,0.145631068,0.732876712,0.280991736,0.182795699,0.169811321,0.584474886,0.274336283,Junius  Jayewardene 
Jayewardene ,Junius ,780,4294,1978,7,0.04109589,0.534653465,0.375,0.17,0.330275229,0.657276995,0.282208589,Junius  Jayewardene 
Khan,Yhya,770,4841,1971,8,0.380165289,0.678362573,0.326732673,0.25,0.38028169,0.515748031,0.35,Yhya Khan
Krushchev,Nakita,365,6682,1961,3,0.206225681,0.699453552,0.477876106,0.163265306,0.583333333,0.570114943,0.373913043,Nakita Krushchev
Kumaratunga,Chandrinka,780,5581,1995,7,0.384615385,0.692307692,0.320610687,0.161290323,0.34375,0.587020649,0.34375,Chandrinka Kumaratunga
Kumaratunga,Chandrinka,780,6165,1998,9,0.280254777,0.674911661,0.268518519,0.201612903,0.179487179,0.481203008,0.228571429,Chandrinka Kumaratunga
Kumaratunga,Chandrinka,780,8713,2000,11,0.146341463,0.709375,0.347368421,0.181415929,0.37704918,0.512359551,0.317204301,Chandrinka Kumaratunga
Kumaratunga,Chandrinka,780,6338,2000,12,0.117647059,0.689138577,0.376623377,0.14893617,0.339622642,0.562874251,0.31981982,Chandrinka Kumaratunga
Kumaratunga,Chandrinka,780,7847,2000,8,0.179856115,0.581818182,0.417910448,0.112107623,0.196721311,0.554987212,0.315589354,Chandrinka Kumaratunga
Kumaratunga,Chandrinka,780,4911,2002,11,0.175925926,0.762886598,0.195652174,0.151898734,0.291666667,0.513513514,0.224719101,Chandrinka Kumaratunga
Kumaratunga,Chandrinka,780,4422,2002,6,0.058823529,0.733905579,0.25974026,0.120689655,0.234042553,0.572289157,0.302631579,Chandrinka Kumaratunga
Kumaratunga,Chandrinka,780,9534,2004,6,0.194444444,0.675609756,0.306122449,0.171428571,0.285714286,0.506976744,0.274111675,Chandrinka Kumaratunga
Kumaratunga,Chandrinka,780,8548,2004,9,0.207070707,0.701711491,0.269035533,0.153110048,0.218181818,0.580722892,0.282722513,Chandrinka Kumaratunga
Kumaratunga,Chandrinka,780,4157,2005,2,0.064935065,0.482517483,0.308333333,0.123188406,0.326086957,0.534482759,0.338983051,Chandrinka Kumaratunga
Kumaratunga,Chandrinka,780,8464,2005,5,0.130718954,0.73381295,0.325688073,0.15,0.360824742,0.590517241,0.341232227,Chandrinka Kumaratunga
Kumaratunga,Chandrinka,780,9377,2005,9,0.22173913,0.607515658,0.288659794,0.183673469,0.238095238,0.590814196,0.35978836,Chandrinka Kumaratunga
Lenin,Vladimir,365,7018,1919,1,0.261111111,0.796208531,0.415584416,0.122905028,0.481481481,0.435448578,0.280254777,Vladimir Lenin
Lenin,Vladimir,365,7947,1920,3,0.297101449,0.51754386,0.320512821,0.272727273,0.058823529,0.508733624,0.333333333,Vladimir Lenin
Marcos ,Ferdinand,840,31414,1969,1,0.167938931,0.773641102,0.326241135,0.102635229,0.594202899,0.614063778,0.310954064,Ferdinand Marcos 
Marcos ,Ferdinand,840,22282,1970,1,0.192528736,0.73352999,0.244565217,0.121900826,0.364485981,0.606911447,0.307894737,Ferdinand Marcos 
Marcos ,Ferdinand,840,15750,1971,1,0.194852941,0.799701046,0.316666667,0.132930514,0.598290598,0.623655914,0.35504886,Ferdinand Marcos 
Marcos ,Ferdinand,840,8983,1974,9,0.31496063,0.701694915,0.309608541,0.09540636,0.330275229,0.519832985,0.189964158,Ferdinand Marcos 
Marcos ,Ferdinand,840,6021,1975,9,0.242424242,0.664893617,0.341772152,0.092592593,0.552238806,0.596610169,0.308176101,Ferdinand Marcos 
Mendes,Pierre ,220,5873,1954,11,0.128654971,0.671698113,0.290697674,0.189873418,0.382978723,0.553846154,0.345238095,Pierre  Mendes
Mendes,Pierre ,220,7779,1954,7,0.152866242,0.650980392,0.37037037,0.093220339,0.404907975,0.530373832,0.197860963,Pierre  Mendes
Milosevic,Slobodan,345,4943,1992,5,0.186440678,0.678082192,0.348214286,0.145299145,0.725,0.58041958,0.283185841,Slobodan Milosevic
Milosevic,Slobodan,345,4150,1992,6,0.144,0.515625,0.39,0.096774194,0.553571429,0.497354497,0.43,Slobodan Milosevic
Milosevic,Slobodan,345,7276,1999,4,0.211055276,0.538793103,0.317460317,0.137440758,0.481481481,0.523809524,0.299465241,Slobodan Milosevic
Milosevic,Slobodan,345,4531,2000,2,0.244565217,0.49,0.225,0.175,0.142857143,0.5,0.257142857,Slobodan Milosevic
Netanyahu,Benjamin,666,6436,2009,10,0.12,0.552380952,0.430493274,0.142857143,0.375,0.539440204,0.302752294,Benjamin Netanyahu
Netanyahu,Benjamin,666,10763,2009,11,0.144230769,0.518599562,0.396694215,0.185303514,0.391812865,0.557632399,0.318681319,Benjamin Netanyahu
Netanyahu,Benjamin,666,11344,2009,12,0.12,0.6825,0.416666667,0.120822622,0.389261745,0.585526316,0.324519231,Benjamin Netanyahu
Netanyahu,Benjamin,666,5206,2009,4,0.236641221,0.412121212,0.25,0.225433526,0.298507463,0.457564576,0.331081081,Benjamin Netanyahu
Netanyahu,Benjamin,666,10078,2009,5,0.123028391,0.361516035,0.352750809,0.169014085,0.341708543,0.505882353,0.253289474,Benjamin Netanyahu
Netanyahu,Benjamin,666,19814,2009,7,0.10483871,0.520314548,0.38292011,0.16064257,0.426506024,0.570338983,0.27994429,Benjamin Netanyahu
Netanyahu,Benjamin,666,6587,2009,8,0.090909091,0.475961538,0.384083045,0.165048544,0.388235294,0.6,0.300353357,Benjamin Netanyahu
Netanyahu,Benjamin,666,9017,2009,9,0.182242991,0.567669173,0.359375,0.204918033,0.252941176,0.586073501,0.279635258,Benjamin Netanyahu
Netanyahu,Benjamin,666,10558,2010,10,0.160305344,0.537234043,0.38028169,0.160493827,0.485507246,0.573604061,0.331395349,Benjamin Netanyahu
Netanyahu,Benjamin,666,13497,2010,11,0.137254902,0.540540541,0.383442266,0.252336449,0.414634146,0.517811705,0.323913043,Benjamin Netanyahu
Netanyahu,Benjamin,666,6052,2010,12,0.157142857,0.706349206,0.432727273,0.073891626,0.347826087,0.584766585,0.280442804,Benjamin Netanyahu
Netanyahu,Benjamin,666,18494,2010,2,0.111731844,0.490909091,0.378026071,0.129098361,0.463601533,0.593654043,0.202676864,Benjamin Netanyahu
Netanyahu,Benjamin,666,15964,2010,3,0.156701031,0.453333333,0.366037736,0.159574468,0.445993031,0.590532544,0.207619048,Benjamin Netanyahu
Netanyahu,Benjamin,666,9093,2010,4,0.209302326,0.586309524,0.376666667,0.135746606,0.378378378,0.550161812,0.248344371,Benjamin Netanyahu
Netanyahu,Benjamin,666,14613,2010,5,0.109195402,0.628640777,0.393687708,0.161654135,0.285087719,0.554601227,0.238175676,Benjamin Netanyahu
Netanyahu,Benjamin,666,8212,2010,6,0.174358974,0.62295082,0.405172414,0.120401338,0.486486486,0.550561798,0.263313609,Benjamin Netanyahu
Netanyahu,Benjamin,666,35327,2010,7,0.136325852,0.487483531,0.396325459,0.154960981,0.45746888,0.595026643,0.317776253,Benjamin Netanyahu
Netanyahu,Benjamin,666,15652,2011,1,0.115511551,0.553875236,0.353035144,0.134517766,0.36440678,0.573751452,0.263157895,Benjamin Netanyahu
Netanyahu,Benjamin,666,4272,2011,10,0.162162162,0.431506849,0.386740331,0.143884892,0.304347826,0.581632653,0.287292818,Benjamin Netanyahu
Netanyahu,Benjamin,666,12874,2011,12,0.261306533,0.596306069,0.403017241,0.142076503,0.363636364,0.579634465,0.280434783,Benjamin Netanyahu
Netanyahu,Benjamin,666,10915,2011,2,0.137037037,0.336363636,0.321243523,0.251677852,0.384236453,0.584786054,0.287234043,Benjamin Netanyahu
Netanyahu,Benjamin,666,6476,2011,3,0.083916084,0.306666667,0.424908425,0.16,0.370689655,0.562200957,0.242307692,Benjamin Netanyahu
Netanyahu,Benjamin,666,12463,2011,5,0.158767773,0.389162562,0.37260274,0.185053381,0.299107143,0.511363636,0.302197802,Benjamin Netanyahu
Netanyahu,Benjamin,666,20518,2011,6,0.109704641,0.606918239,0.432631579,0.107344633,0.420581655,0.626865672,0.259259259,Benjamin Netanyahu
Netanyahu,Benjamin,666,7797,2011,9,0.177121771,0.374074074,0.385245902,0.206703911,0.342465753,0.475949367,0.326446281,Benjamin Netanyahu
Netanyahu,Benjamin,666,11877,2012,1,0.127340824,0.540462428,0.440528634,0.12037037,0.386666667,0.614285714,0.236363636,Benjamin Netanyahu
Netanyahu,Benjamin,666,6435,2012,10,0.227941176,0.463768116,0.422641509,0.196078431,0.338709677,0.537313433,0.3,Benjamin Netanyahu
Netanyahu,Benjamin,666,4590,2012,12,0.233333333,0.705426357,0.402684564,0.16091954,0.304347826,0.478087649,0.297297297,Benjamin Netanyahu
Netanyahu,Benjamin,666,9491,2012,2,0.167567568,0.479704797,0.305177112,0.198717949,0.427631579,0.605072464,0.260504202,Benjamin Netanyahu
Netanyahu,Benjamin,666,6859,2012,3,0.267676768,0.529100529,0.392561983,0.145985401,0.245614035,0.462915601,0.223140496,Benjamin Netanyahu
Netanyahu,Benjamin,666,4013,2012,4,0.166666667,0.382352941,0.377952756,0.084337349,0.344086022,0.432432432,0.183333333,Benjamin Netanyahu
Netanyahu,Benjamin,666,7708,2012,5,0.210810811,0.431451613,0.387205387,0.186721992,0.364197531,0.520383693,0.311036789,Benjamin Netanyahu
Netanyahu,Benjamin,666,12819,2013,10,0.197640118,0.552268245,0.380368098,0.265780731,0.284722222,0.546407186,0.348623853,Benjamin Netanyahu
Netanyahu,Benjamin,666,16452,2013,11,0.0825,0.564516129,0.345852895,0.15,0.41337386,0.569002123,0.259615385,Benjamin Netanyahu
Netanyahu,Benjamin,666,6601,2013,2,0.160839161,0.504504505,0.414814815,0.2,0.514925373,0.592039801,0.301526718,Benjamin Netanyahu
Netanyahu,Benjamin,666,11918,2013,6,0.164233577,0.52297593,0.376447876,0.190231362,0.319327731,0.548480463,0.285714286,Benjamin Netanyahu
Netanyahu,Benjamin,666,19236,2014,1,0.143176734,0.540765391,0.389649924,0.142857143,0.478395062,0.55601318,0.264566929,Benjamin Netanyahu
Netanyahu,Benjamin,666,5674,2014,11,0.291262136,0.383928571,0.345070423,0.282258065,0.394366197,0.451048951,0.285714286,Benjamin Netanyahu
Netanyahu,Benjamin,666,5433,2014,2,0.190789474,0.522222222,0.329479769,0.166666667,0.479452055,0.534883721,0.263473054,Benjamin Netanyahu
Netanyahu,Benjamin,666,5227,2014,5,0.143939394,0.421052632,0.244897959,0.165354331,0.3,0.495901639,0.22,Benjamin Netanyahu
Netanyahu,Benjamin,666,10114,2014,6,0.327137546,0.560553633,0.437142857,0.150306748,0.459627329,0.532727273,0.32748538,Benjamin Netanyahu
Netanyahu,Benjamin,666,9421,2014,9,0.351170569,0.551094891,0.307053942,0.123655914,0.554621849,0.556350626,0.257383966,Benjamin Netanyahu
Netanyahu,Benjamin,666,16655,2015,10,0.279386712,0.503401361,0.391397849,0.174568966,0.328282828,0.504093567,0.348387097,Benjamin Netanyahu
Netanyahu,Benjamin,666,6594,2015,11,0.231132075,0.459016393,0.385542169,0.186666667,0.419642857,0.541538462,0.303797468,Benjamin Netanyahu
Netanyahu,Benjamin,666,4086,2015,12,0.179310345,0.4765625,0.310077519,0.2,0.409836066,0.52970297,0.261904762,Benjamin Netanyahu
Netanyahu,Benjamin,666,6320,2015,3,0.247663551,0.448275862,0.379844961,0.2,0.231578947,0.606557377,0.25,Benjamin Netanyahu
Netanyahu,Benjamin,666,7837,2015,5,0.213815789,0.561904762,0.387850467,0.132653061,0.29787234,0.482323232,0.204761905,Benjamin Netanyahu
Netanyahu,Benjamin,666,11538,2015,6,0.11814346,0.56,0.4,0.078498294,0.413333333,0.617816092,0.221198157,Benjamin Netanyahu
Netanyahu,Benjamin,666,8756,2015,7,0.266409266,0.393501805,0.363636364,0.210526316,0.336734694,0.547911548,0.337777778,Benjamin Netanyahu
Netanyahu,Benjamin,666,4660,2016,2,0.202702703,0.449367089,0.403409091,0.107142857,0.464646465,0.644927536,0.24852071,Benjamin Netanyahu
Netanyahu,Benjamin,666,6817,2016,3,0.146153846,0.562189055,0.379146919,0.131034483,0.241610738,0.576832151,0.278846154,Benjamin Netanyahu
Netanyahu,Benjamin,666,9426,2016,5,0.25,0.465034965,0.343042071,0.155172414,0.240437158,0.513513514,0.284810127,Benjamin Netanyahu
Netanyahu,Benjamin,666,5200,2016,6,0.154362416,0.536312849,0.402116402,0.114285714,0.324675325,0.490774908,0.29787234,Benjamin Netanyahu
Netanyahu,Benjamin,666,7823,2016,7,0.243902439,0.482905983,0.318965517,0.187250996,0.222222222,0.522988506,0.289915966,Benjamin Netanyahu
Netanyahu,Benjamin,666,4052,2016,8,0.273684211,0.47,0.282608696,0.231884058,0.222222222,0.627659574,0.263736264,Benjamin Netanyahu
Netanyahu,Benjamin,666,5430,2016,9,0.162393162,0.372727273,0.345070423,0.252252252,0.282828283,0.495049505,0.275862069,Benjamin Netanyahu
Nimeiry,Gaafar,625,6985,1978,9,0.174887892,0.627118644,0.19047619,0.208791209,0.259259259,0.527896996,0.292307692,Gaafar Nimeiry
Nu,U,775,5429,1947,11,0.419753086,0.539473684,0.435294118,0.179245283,0.282258065,0.483076923,0.357142857,U Nu
Nu,U,775,6332,1948,4,0.224299065,0.457446809,0.387096774,0.112244898,0.326086957,0.571052632,0.305263158,U Nu
Nu,U,775,7909,1948,5,0.213793103,0.61965812,0.323863636,0.182608696,0.272058824,0.555819477,0.316939891,U Nu
Nu,U,775,4583,1948,6,0.166666667,0.63803681,0.434782609,0.035087719,0.352941176,0.609865471,0.161764706,U Nu
Nu,U,775,7220,1949,2,0.279503106,0.543147208,0.396449704,0.130769231,0.291262136,0.575,0.245398773,U Nu
Nu,U,775,6176,1949,6,0.330508475,0.649681529,0.363636364,0.168539326,0.288888889,0.558064516,0.306122449,U Nu
Nu,U,775,19748,1960,4,0.023300971,0.779552716,0.305439331,0.13372093,0.284671533,0.677647059,0.230125523,U Nu
Olmert,Ehud,666,15354,2006,11,0.173796791,0.520710059,0.371040724,0.129449838,0.301115242,0.495024876,0.247086247,Ehud Olmert
Olmert,Ehud,666,8055,2006,2,0.094890511,0.615384615,0.362869198,0.138728324,0.311926606,0.545861298,0.268085106,Ehud Olmert
Olmert,Ehud,666,16105,2006,5,0.225531915,0.483695652,0.374439462,0.208333333,0.234513274,0.44863459,0.304932735,Ehud Olmert
Olmert,Ehud,666,18905,2006,6,0.115879828,0.655319149,0.348672566,0.119680851,0.348066298,0.527162978,0.278776978,Ehud Olmert
Olmert,Ehud,666,6650,2006,7,0.357954545,0.553097345,0.392857143,0.189655172,0.419753086,0.487341772,0.385650224,Ehud Olmert
Olmert,Ehud,666,8308,2006,8,0.258426966,0.584229391,0.332046332,0.123287671,0.256880734,0.511201629,0.258823529,Ehud Olmert
Olmert,Ehud,666,5114,2006,9,0.097345133,0.481927711,0.413043478,0.133333333,0.155172414,0.480144404,0.235955056,Ehud Olmert
Olmert,Ehud,666,4232,2007,1,0.093457944,0.608,0.303030303,0.2125,0.26744186,0.513307985,0.235772358,Ehud Olmert
Olmert,Ehud,666,13296,2007,10,0.153409091,0.571428571,0.322250639,0.094339623,0.387559809,0.565737052,0.193548387,Ehud Olmert
Olmert,Ehud,666,8216,2007,11,0.120437956,0.61130742,0.343220339,0.144578313,0.380597015,0.556354916,0.253275109,Ehud Olmert
Olmert,Ehud,666,9331,2007,12,0.101941748,0.621538462,0.373563218,0.109375,0.234234234,0.520454545,0.235294118,Ehud Olmert
Olmert,Ehud,666,6701,2007,2,0.14375,0.497607656,0.224489796,0.133333333,0.476190476,0.472972973,0.255639098,Ehud Olmert
Olmert,Ehud,666,6224,2007,3,0.15942029,0.354497354,0.275510204,0.1,0.230769231,0.5,0.175824176,Ehud Olmert
Olmert,Ehud,666,6357,2007,4,0.319148936,0.50867052,0.279279279,0.236220472,0.25,0.453389831,0.260869565,Ehud Olmert
Olmert,Ehud,666,5614,2007,5,0.256684492,0.672413793,0.34375,0.117647059,0.229508197,0.490118577,0.278350515,Ehud Olmert
Olmert,Ehud,666,4481,2007,6,0.209677419,0.559748428,0.327868852,0.133333333,0.38,0.537634409,0.252173913,Ehud Olmert
Olmert,Ehud,666,4519,2007,7,0.112359551,0.424242424,0.232258065,0.175824176,0.384615385,0.5546875,0.167701863,Ehud Olmert
Olmert,Ehud,666,11808,2008,1,0.288461538,0.536,0.411764706,0.100436681,0.35862069,0.565217391,0.294326241,Ehud Olmert
Olmert,Ehud,666,16743,2008,11,0.129129129,0.595463138,0.38,0.148387097,0.316993464,0.617840376,0.238866397,Ehud Olmert
Olmert,Ehud,666,11554,2008,12,0.168067227,0.609254499,0.373626374,0.114457831,0.3,0.5,0.258302583,Ehud Olmert
Olmert,Ehud,666,7943,2008,2,0.180952381,0.564013841,0.381526104,0.159722222,0.33125,0.511627907,0.342629482,Ehud Olmert
Olmert,Ehud,666,7135,2008,3,0.196721311,0.441666667,0.290322581,0.153846154,0.367647059,0.568493151,0.291666667,Ehud Olmert
Olmert,Ehud,666,4661,2008,4,0.118181818,0.563291139,0.354545455,0.138888889,0.317073171,0.559808612,0.222222222,Ehud Olmert
Olmert,Ehud,666,22398,2008,5,0.129568106,0.504310345,0.368506494,0.198412698,0.412103746,0.541353383,0.226072607,Ehud Olmert
Olmert,Ehud,666,16323,2008,6,0.117647059,0.431558935,0.341013825,0.170568562,0.328358209,0.473619632,0.249411765,Ehud Olmert
Olmert,Ehud,666,23188,2008,7,0.076305221,0.633554084,0.392857143,0.136865342,0.34765625,0.620320856,0.226238286,Ehud Olmert
Olmert,Ehud,666,6537,2008,9,0.123893805,0.394871795,0.312217195,0.229885057,0.233333333,0.52247191,0.182648402,Ehud Olmert
Olmert,Ehud,666,4593,2009,1,0.211956522,0.517073171,0.386554622,0.065934066,0.12,0.427745665,0.291666667,Ehud Olmert
Olmert,Ehud,666,14211,2009,2,0.141361257,0.579399142,0.337412587,0.096219931,0.29562982,0.552204176,0.251811594,Ehud Olmert
Olmert,Ehud,666,16239,2009,3,0.117073171,0.51391162,0.366197183,0.169491525,0.353562005,0.566974596,0.261052632,Ehud Olmert
Putin ,Vladimir ,365,6896,2000,7,0.146788991,0.775735294,0.365079365,0.141509434,0.340425532,0.566350711,0.268292683,Vladimir  Putin 
Rajapaska ,Mahinda,780,8164,2005,11,0.132867133,0.695238095,0.376623377,0.175879397,0.25462963,0.451515152,0.390163934,Mahinda Rajapaska 
Ramos,Fidel,840,4918,1994,7,0.232323232,0.706214689,0.358381503,0.109704641,0.4375,0.480686695,0.258823529,Fidel Ramos
Ramos,Fidel,840,4484,1995,7,0.185840708,0.695,0.392156863,0.15,0.266666667,0.5,0.3,Fidel Ramos
Ramos,Fidel,840,5177,1996,7,0.111111111,0.663507109,0.316455696,0.118320611,0.333333333,0.511627907,0.285714286,Fidel Ramos
Ramos,Fidel,840,6382,1997,7,0.121019108,0.681372549,0.284848485,0.147727273,0.242424242,0.483660131,0.313609467,Fidel Ramos
Sadat,Anwar,651,7049,1970,11,0.154255319,0.66015625,0.343915344,0.144927536,0.321428571,0.494565217,0.300518135,Anwar Sadat
Sadat,Anwar,651,24012,1971,1,0.195840555,0.637540453,0.362892224,0.184210526,0.256637168,0.517069109,0.327176781,Anwar Sadat
Sadat,Anwar,651,12189,1971,2,0.276657061,0.662431942,0.289634146,0.20412844,0.278481013,0.50473613,0.23659306,Anwar Sadat
Sadat,Anwar,651,4752,1971,3,0.256637168,0.518134715,0.397905759,0.217391304,0.213114754,0.498402556,0.31122449,Anwar Sadat
Sese Seko,Mobutu,490,4098,1971,2,0.118421053,0.630769231,0.248,0.126315789,0.434782609,0.560150376,0.2890625,Mobutu Sese Seko
Sharon,Ariel,666,8094,2004,10,0.235294118,0.651079137,0.360189573,0.136904762,0.317757009,0.456521739,0.29047619,Ariel Sharon
Sharon,Ariel,666,5515,2004,11,0.09375,0.765217391,0.4,0.076923077,0.267605634,0.491525424,0.233082707,Ariel Sharon
Sharon,Ariel,666,5725,2004,12,0.081818182,0.658823529,0.355555556,0.116788321,0.321428571,0.510204082,0.305882353,Ariel Sharon
Sharon,Ariel,666,9212,2004,7,0.107784431,0.620879121,0.363196126,0.153508772,0.368613139,0.459662289,0.285365854,Ariel Sharon
Sharon,Ariel,666,4534,2005,1,0.1375,0.658064516,0.304,0.16091954,0.358208955,0.444444444,0.25203252,Ariel Sharon
Sharon,Ariel,666,5380,2005,11,0.25,0.600961538,0.290076336,0.21978022,0.337662338,0.533333333,0.301587302,Ariel Sharon
Sharon,Ariel,666,5094,2005,12,0.085714286,0.688679245,0.401129944,0.112244898,0.171171171,0.456603774,0.305084746,Ariel Sharon
Sharon,Ariel,666,12512,2005,6,0.113138686,0.694989107,0.301546392,0.182156134,0.241545894,0.479472141,0.287958115,Ariel Sharon
Sharon,Ariel,666,5323,2005,7,0.213675214,0.639175258,0.364130435,0.112359551,0.344262295,0.403225806,0.239130435,Ariel Sharon
Sharon,Ariel,666,4367,2005,9,0.119565217,0.672043011,0.34375,0.163461538,0.25,0.468292683,0.359375,Ariel Sharon
Singh,Charan,750,5635,1979,8,0.144578313,0.679487179,0.344827586,0.094017094,0.22826087,0.652173913,0.258503401,Charan Singh
Singh,Charan,750,5740,1979,9,0.13253012,0.650485437,0.266666667,0.113636364,0.289855072,0.590443686,0.269565217,Charan Singh
Ulbricht,Walter,265,6618,1969,3,0.118541033,0.672535211,0.386666667,0.139784946,0.125,0.551282051,0.216216216,Walter Ulbricht
Vajpayee,Bihary,750,6058,1999,1,0.116504854,0.776515152,0.268656716,0.184782609,0.256097561,0.551724138,0.21875,Bihary Vajpayee
Vajpayee,Bihary,750,6616,1999,2,0.090909091,0.545801527,0.342975207,0.230366492,0.258928571,0.587248322,0.292372881,Bihary Vajpayee
Vajpayee,Bihary,750,8414,2000,1,0.1875,0.664576803,0.158730159,0.191780822,0.161290323,0.539772727,0.24,Bihary Vajpayee
Vajpayee,Bihary,750,7064,2000,2,0.134831461,0.613899614,0.333333333,0.191860465,0.186440678,0.637142857,0.289017341,Bihary Vajpayee
Vajpayee,Bihary,750,11239,2001,1,0.114186851,0.563636364,0.283018868,0.191011236,0.219858156,0.608137045,0.236434109,Bihary Vajpayee
Zedong,Mao,710,5697,1954,10,0.162037037,0.494897959,0.380597015,0.112676056,0.477272727,0.698666667,0.18852459,Mao Zedong
Zedong,Mao,710,4223,1956,9,0.089285714,0.454545455,0.441176471,0.108695652,0.388888889,0.67611336,0.313131313,Mao Zedong
Zedong,Mao,710,16318,1957,1,0.335877863,0.669387755,0.389380531,0.08,0.7,0.583484574,0.32,Mao Zedong
Zedong,Mao,710,18373,1957,10,0.287292818,0.682156134,0.383378016,0.1191067,0.56626506,0.624014023,0.241758242,Mao Zedong
Zedong,Mao,710,15486,1957,2,0.476331361,0.685761047,0.32160804,0.173633441,0.44,0.577205882,0.345360825,Mao Zedong
Zedong,Mao,710,7600,1957,3,0.462025316,0.671586716,0.372881356,0.119496855,0.714285714,0.575601375,0.31092437,Mao Zedong
Zedong,Mao,710,7006,1957,7,0.367346939,0.54601227,0.444444444,0.080808081,0.49122807,0.630107527,0.232,Mao Zedong
Zedong,Mao,710,4239,1964,3,0.198275862,0.674418605,0.425531915,0.1,0.30952381,0.636363636,0.266666667,Mao Zedong
Zedong,Mao,710,4283,1965,1,0.472222222,0.79245283,0.34939759,0.06779661,0.483870968,0.720125786,0.231707317,Mao Zedong
Zedong,Mao,710,4473,1968,11,0.125,0.642335766,0.32183908,0.021276596,0.456140351,0.712025316,0.188235294,Mao Zedong
