lastname,firstname,Ccode,Word Count,year,quarter,i1,i2,i3,i4a,i4b,i5ap,i5pr,i5re,i5op,i5th,i5pu,p1,p2,p3,p4,p5,name
al-Assad,Bashar,652,7620,2000,3,0.4375,0.177083333,0.2171875,0.5625,0.59375,0.53125,0.015625,0.171875,0.140625,0.015625,0.125,0.549450549,0.34981685,0.143219418,0.260162602,0.962739664,Bashar al-Assad
al-Assad,Bashar,652,10449,2005,4,0.290322581,0.150537634,0.152133195,0.709677419,0.580645161,0.435483871,0.032258065,0.177419355,0.241935484,0,0.112903226,0.183006536,0.092592593,0.096629501,0.168478261,0.98372003,Bashar al-Assad
al-Assad,Bashar,652,4846,2006,1,0.368421053,0.245614035,0.15567867,0.631578947,0.526315789,0.421052632,0.052631579,0.210526316,0.263157895,0,0.052631579,-0.025974026,-0.095238095,0.07120931,0.10982659,0.992179324,Bashar al-Assad
al-Assad,Bashar,652,8228,2006,3,0.380952381,0.222222222,0.11292517,0.619047619,0.619047619,0.404761905,0.071428571,0.214285714,0.19047619,0.023809524,0.095238095,-0.04,-0.140740741,0.106038519,0.157303371,0.983319784,Bashar al-Assad
al-Assad,Bashar,652,4213,2009,1,0.391304348,0.231884058,0.133459357,0.608695652,0.434782609,0.434782609,0.086956522,0.173913043,0.217391304,0.043478261,0.043478261,0.076923077,-0.030769231,0.112710059,0.150326797,0.983056658,Bashar al-Assad
al-Assad,Bashar,652,4314,2009,2,0,-0.083333333,0.1375,1,0.75,0.375,0,0.125,0.25,0,0.25,0.461538462,0.235042735,0.162524655,0.093023256,0.984881427,Bashar al-Assad
al-Assad,Bashar,652,14177,2010,2,0.494505495,0.172161172,0.3371815,0.505494505,0.373626374,0.637362637,0.010989011,0.098901099,0.153846154,0.010989011,0.087912088,0.234501348,0.062893082,0.141017575,0.196969697,0.972223811,Bashar al-Assad
al-Assad,Bashar,652,4638,2010,4,0.571428571,0.202380952,0.387755102,0.428571429,0.357142857,0.678571429,0,0.107142857,0.107142857,0.035714286,0.071428571,0.459016393,0.237704918,0.113464123,0.186666667,0.97882003,Bashar al-Assad
al-Assad,Bashar,652,17226,2011,1,0.24137931,0.045977011,0.168846611,0.75862069,0.689655172,0.465517241,0.00862069,0.146551724,0.172413793,0.00862069,0.198275862,0.226600985,0.08456486,0.11570288,0.222222222,0.974288249,Bashar al-Assad
al-Assad,Bashar,652,6274,2011,2,0.333333333,0.209876543,0.117695473,0.666666667,0.592592593,0.388888889,0.074074074,0.203703704,0.240740741,0,0.092592593,0.540372671,0.35610766,0.1246634,0.251162791,0.968689192,Bashar al-Assad
al-Assad,Bashar,652,5702,2011,4,0.714285714,0.428571429,0.283673469,0.285714286,0.714285714,0.535714286,0,0.321428571,0.107142857,0,0.035714286,-0.109243697,-0.207282913,0.164804745,0.19047619,0.96860862,Bashar al-Assad
al-Assad,Bashar,652,9694,2012,2,0.411764706,0.169934641,0.137254902,0.588235294,0.62745098,0.450980392,0.098039216,0.156862745,0.137254902,0,0.156862745,0.176470588,0.103199174,0.077510568,0.136363636,0.989430377,Bashar al-Assad
Andropov,Yurii,365,5248,1983,1,0.081081081,0.009009009,0.097151205,0.918918919,0.378378378,0.378378378,0.081081081,0.081081081,0.27027027,0.081081081,0.108108108,0.261538462,0.115384615,0.129325444,0.221556886,0.971347057,Yurii Andropov
Aquino,Corazon,840,4115,1988,3,0.384615385,0.239316239,0.165285996,0.615384615,0.666666667,0.435897436,0,0.256410256,0.205128205,0.025641026,0.076923077,0.302325581,0.124031008,0.129042726,0.312,0.95973867,Corazon Aquino
Aquino,Corazon,840,6298,1990,3,0.523809524,0.273809524,0.136054422,0.476190476,0.833333333,0.416666667,0.083333333,0.261904762,0.083333333,0,0.154761905,0.470588235,0.286764706,0.1691609,0.381818182,0.935411293,Corazon Aquino
Aquino,Corazon,840,4062,1991,3,0.071428571,-0.035714286,0.103061224,0.928571429,1,0.321428571,0,0.214285714,0.142857143,0.035714286,0.285714286,0.032786885,-0.005464481,0.077183553,0.186666667,0.985592403,Corazon Aquino
Arroyo,Gloria,840,4994,2001,3,0.545454545,0.272727273,0.095041322,0.454545455,0.545454545,0.386363636,0.204545455,0.181818182,0.022727273,0.113636364,0.090909091,0.294117647,0.133986928,0.089504037,0.301369863,0.973026181,Gloria Arroyo
Arroyo,Gloria,840,4103,2002,3,0.435897436,0.213675214,0.149506903,0.564102564,0.820512821,0.435897436,0.025641026,0.256410256,0.102564103,0.025641026,0.153846154,0.037974684,-0.097046414,0.146675212,0.330508475,0.951522599,Gloria Arroyo
Bhutto,Zulfikar,770,5229,1970,1,0.454545455,0.227272727,0.305785124,0.545454545,0.272727273,0.590909091,0,0.136363636,0.227272727,0.045454545,0,-0.084337349,-0.100401606,0.153433009,0.20952381,0.967852131,Zulfikar Bhutto
Bhutto,Zulfikar,770,4508,1971,1,0.304347826,0.101449275,0.160680529,0.695652174,0.608695652,0.47826087,0,0.173913043,0.130434783,0.086956522,0.130434783,0.176470588,0.013071895,0.176009227,0.310810811,0.945294429,Zulfikar Bhutto
Bhutto,Zulfikar,770,4647,1971,4,0.076923077,-0.025641026,0.162130178,0.923076923,0.307692308,0.461538462,0,0.076923077,0.230769231,0.153846154,0.076923077,0.0625,-0.098958333,0.154931641,0.233532934,0.963818359,Zulfikar Bhutto
Bhutto,Zulfikar,770,7420,1973,1,0.581395349,0.248062016,0.20822066,0.418604651,0.558139535,0.534883721,0.093023256,0.162790698,0.069767442,0.023255814,0.11627907,0.346153846,0.131410256,0.154308432,0.171314741,0.973564691,Zulfikar Bhutto
Bierut,Boleslaw,290,21426,1950,3,0.428571429,0.444444444,0.210884354,0.571428571,0.761904762,0.142857143,0.047619048,0.523809524,0.19047619,0,0.095238095,0.425605536,0.281430219,0.087309778,0.067741935,0.994085467,Boleslaw Bierut
Brezhnev,Leonid ,365,4981,1970,3,0.52,0.32,0.20512,0.48,0.64,0.48,0,0.28,0.16,0.04,0.04,0.507042254,0.319248826,0.141836937,0.149700599,0.978766926,Leonid  Brezhnev
Brezhnev,Leonid ,365,7142,1972,1,0.586206897,0.310344828,0.212366231,0.413793103,0.620689655,0.517241379,0.034482759,0.24137931,0.103448276,0.034482759,0.068965517,0.369047619,0.126984127,0.166326531,0.147208122,0.975515384,Leonid  Brezhnev
Brezhnev,Leonid ,365,9610,1974,2,0.355932203,0.169491525,0.119563344,0.644067797,0.644067797,0.423728814,0.06779661,0.186440678,0.169491525,0.016949153,0.13559322,0.326923077,0.147435897,0.110872781,0.220973783,0.975500022,Leonid  Brezhnev
Brezhnev,Leonid ,365,5793,1976,4,0.5,0.226190476,0.253061224,0.5,0.285714286,0.571428571,0.071428571,0.107142857,0.178571429,0.035714286,0.035714286,0.428571429,0.230576441,0.128271807,0.173913043,0.97769186,Leonid  Brezhnev
Castro,Fidel,40,39470,1959,1,0.220994475,0.016574586,0.108964928,0.779005525,0.679558011,0.417127072,0.069060773,0.124309392,0.116022099,0.05801105,0.215469613,0.057280883,-0.055440534,0.079851457,0.199889564,0.984038527,Fidel Castro
Castro,Fidel,40,14950,1960,1,0.517241379,0.38697318,0.090923504,0.482758621,0.827586207,0.287356322,0.126436782,0.344827586,0.137931034,0.034482759,0.068965517,0.34351145,0.177268872,0.070994309,0.18125,0.987132282,Fidel Castro
Castro,Fidel,40,49400,1961,1,0.052631579,-0.056680162,0.055837663,0.947368421,0.672064777,0.336032389,0.068825911,0.12145749,0.153846154,0.105263158,0.214574899,-0.008201203,-0.091853472,0.083737405,0.118978805,0.990037024,Fidel Castro
Castro,Fidel,40,45585,1961,2,0.109947644,-0.005235602,0.097590527,0.890052356,0.534031414,0.403141361,0.031413613,0.120418848,0.193717277,0.104712042,0.146596859,0.108542068,-0.01391565,0.083816885,0.109267735,0.990841519,Fidel Castro
Castro,Fidel,40,20107,1961,3,0.436619718,0.169014085,0.200158699,0.563380282,0.281690141,0.535211268,0.098591549,0.084507042,0.14084507,0.084507042,0.056338028,0.09221902,0.011527378,0.068569625,0.092810458,0.993636022,Fidel Castro
Castro,Fidel,40,11195,1962,2,0.428571429,0.23015873,0.170068027,0.571428571,0.571428571,0.476190476,0.023809524,0.214285714,0.166666667,0.047619048,0.071428571,0.130699088,0.004052685,0.083445275,0.113207547,0.990553365,Fidel Castro
Castro,Fidel,40,47427,1962,3,0.376623377,0.152958153,0.191004666,0.623376623,0.424242424,0.515151515,0.047619048,0.125541126,0.181818182,0.043290043,0.086580087,0.180546302,0.033755274,0.093774037,0.133371824,0.987493186,Fidel Castro
Castro,Fidel,40,20119,1962,4,0.252747253,0.10989011,0.086776959,0.747252747,0.747252747,0.373626374,0.043956044,0.208791209,0.153846154,0.054945055,0.164835165,0.043227666,-0.035542747,0.071001337,0.115923567,0.991769272,Fidel Castro
Castro,Fidel,40,26156,1963,1,0.271317829,0.03875969,0.182260681,0.728682171,0.480620155,0.511627907,0.031007752,0.093023256,0.139534884,0.07751938,0.147286822,0.116778523,0.008948546,0.083621819,0.147597254,0.987657649,Fidel Castro
Castro,Fidel,40,10017,1964,1,0.438596491,0.239766082,0.144598338,0.561403509,0.526315789,0.456140351,0.070175439,0.192982456,0.175438596,0.035087719,0.070175439,0.390625,0.205729167,0.119885254,0.182108626,0.978167861,Fidel Castro
Castro,Fidel,40,40349,1965,1,0.36,0.172,0.085312,0.64,0.52,0.404,0.108,0.168,0.124,0.104,0.092,0.176036866,0.058064516,0.075014547,0.187265918,0.985952332,Fidel Castro
Castro,Fidel,40,75820,1965,2,0.267857143,0.06547619,0.131866497,0.732142857,0.55952381,0.455357143,0.056547619,0.12202381,0.151785714,0.056547619,0.157738095,0.062761506,-0.047280335,0.091694473,0.12325752,0.988697967,Fidel Castro
Castro,Fidel,40,33196,1965,3,0.491712707,0.276243094,0.135044718,0.508287293,0.607734807,0.44198895,0.077348066,0.226519337,0.138121547,0.038674033,0.077348066,0.218985976,0.0798274,0.087787797,0.163357401,0.985659214,Fidel Castro
Castro,Fidel,40,38931,1965,4,0.504854369,0.19579288,0.213535677,0.495145631,0.436893204,0.548543689,0.082524272,0.121359223,0.101941748,0.048543689,0.097087379,0.397177419,0.186491935,0.110691988,0.171953255,0.980966152,Fidel Castro
Castro,Fidel,40,61731,1966,1,0.237288136,0.081920904,0.10525711,0.762711864,0.525423729,0.423728814,0.050847458,0.144067797,0.169491525,0.093220339,0.118644068,0.0409234,-0.028156698,0.068904624,0.110177404,0.992408267,Fidel Castro
Castro,Fidel,40,37270,1966,2,0.246153846,0.087179487,0.063431953,0.753846154,0.861538462,0.323076923,0.092307692,0.207692308,0.107692308,0.046153846,0.223076923,0.028156222,-0.056917953,0.084492423,0.105605199,0.991077161,Fidel Castro
Castro,Fidel,40,76291,1966,3,0.37408313,0.175224124,0.12806834,0.62591687,0.606356968,0.442542787,0.061124694,0.183374083,0.156479218,0.036674817,0.119804401,0.228489484,0.103887827,0.085585623,0.163534586,0.98600379,Fidel Castro
Castro,Fidel,40,30978,1966,4,0.671641791,0.393034826,0.163288037,0.328358209,0.567164179,0.462686567,0.119402985,0.253731343,0.074626866,0.059701493,0.029850746,0.401459854,0.208272506,0.096549417,0.163614164,0.984203148,Fidel Castro
Castro,Fidel,40,55915,1967,1,0.203883495,0.046925566,0.076161749,0.796116505,0.747572816,0.368932039,0.053398058,0.17961165,0.116504854,0.087378641,0.194174757,0.164257556,0.05781866,0.069338532,0.119212963,0.991733948,Fidel Castro
Castro,Fidel,40,47600,1967,2,0.595959596,0.262626263,0.181389654,0.404040404,0.595959596,0.505050505,0.116161616,0.176767677,0.045454545,0.035353535,0.121212121,0.38893219,0.193556768,0.118727116,0.13369345,0.984126962,Fidel Castro
Castro,Fidel,40,54006,1967,3,0.178571429,0.05952381,0.101817602,0.821428571,0.517857143,0.401785714,0.058035714,0.129464286,0.223214286,0.058035714,0.129464286,0.089242054,-0.004482478,0.080540827,0.120430108,0.99030046,Fidel Castro
Castro,Fidel,40,10537,1967,4,0.379310345,0.195402299,0.106777646,0.620689655,0.827586207,0.379310345,0.068965517,0.24137931,0.137931034,0,0.172413793,0.230769231,0.132478632,0.078763971,0.11026616,0.991314999,Fidel Castro
Castro,Fidel,40,60326,1968,1,0.518867925,0.286163522,0.135831257,0.481132075,0.70754717,0.433962264,0.075471698,0.25,0.108490566,0.028301887,0.103773585,0.203366059,0.084385227,0.087202013,0.129426129,0.988713781,Fidel Castro
Castro,Fidel,40,38859,1968,2,0.178294574,-0.028423773,0.099765639,0.821705426,0.80620155,0.372093023,0.093023256,0.124031008,0.085271318,0.046511628,0.279069767,0.263917526,0.115463918,0.085640557,0.117379436,0.98994756,Fidel Castro
Castro,Fidel,40,53053,1968,3,0.431952663,0.157790927,0.1761633,0.568047337,0.449704142,0.514792899,0.076923077,0.124260355,0.100591716,0.082840237,0.100591716,0.278637771,0.117389061,0.093935531,0.115674196,0.989134083,Fidel Castro
Castro,Fidel,40,38333,1968,4,0.431578947,0.21754386,0.108875346,0.568421053,0.631578947,0.421052632,0.094736842,0.2,0.126315789,0.042105263,0.115789474,0.209039548,0.086629002,0.081385809,0.096938776,0.992110559,Fidel Castro
Castro,Fidel,40,35087,1969,1,0.396226415,0.075471698,0.194090424,0.603773585,0.58490566,0.518867925,0.075471698,0.103773585,0.037735849,0.075471698,0.188679245,0.409214092,0.233514002,0.081692996,0.125592417,0.989739979,Fidel Castro
Castro,Fidel,40,32749,1969,2,0.304347826,0.15942029,0.158865784,0.695652174,0.452173913,0.452173913,0.052173913,0.147826087,0.252173913,0.017391304,0.07826087,0.144316731,0,0.105489741,0.128062361,0.986490735,Fidel Castro
Castro,Fidel,40,11427,1969,3,-0.073170732,-0.130081301,0.114812612,0.926829268,0.585365854,0.365853659,0.024390244,0.073170732,0.268292683,0.048780488,0.219512195,0.104895105,0.002331002,0.06172429,0.125382263,0.992260869,Fidel Castro
Castro,Fidel,40,32455,1969,4,0.308823529,0.139705882,0.112846021,0.691176471,0.470588235,0.433823529,0.073529412,0.147058824,0.176470588,0.080882353,0.088235294,0.145888594,0.037135279,0.065761386,0.152808989,0.989951069,Fidel Castro
Castro,Fidel,40,13777,1971,1,0.263157895,0.184210526,0.104155125,0.736842105,0.894736842,0.315789474,0.026315789,0.289473684,0.210526316,0,0.157894737,0.242718447,0.101941748,0.10240362,0.084444444,0.991352583,Fidel Castro
Castro,Fidel,40,80736,1971,2,0.388535032,0.168789809,0.164955982,0.611464968,0.617834395,0.477707006,0.038216561,0.178343949,0.159235669,0.015923567,0.130573248,0.249434133,0.100497963,0.095916475,0.124455014,0.988062714,Fidel Castro
Castro,Fidel,40,61228,1971,3,0.2,0.079781421,0.08532975,0.8,0.583606557,0.383606557,0.059016393,0.157377049,0.2,0.06557377,0.13442623,0.248184019,0.112590799,0.085713993,0.155850792,0.986641406,Fidel Castro
Castro,Fidel,40,121984,1971,4,0.35395189,0.160366552,0.145612357,0.64604811,0.611683849,0.453608247,0.046391753,0.176975945,0.178694158,0.015463918,0.128865979,0.091164885,-0.020634027,0.095812275,0.140715667,0.986517712,Fidel Castro
Castro,Fidel,40,54466,1972,2,0.431906615,0.221789883,0.116946509,0.568093385,0.645914397,0.428015564,0.070038911,0.217898833,0.116731518,0.062256809,0.105058366,0.101078167,-0.002920036,0.091256602,0.147616312,0.986529037,Fidel Castro
Castro,Fidel,40,29629,1972,3,0.527950311,0.273291925,0.178827977,0.472049689,0.757763975,0.472049689,0.02484472,0.267080745,0.080745342,0.043478261,0.111801242,0.193758127,0.061985262,0.0904642,0.17311828,0.984338993,Fidel Castro
Castro,Fidel,40,11581,1973,1,0.68627451,0.326797386,0.297808535,0.31372549,0.666666667,0.588235294,0.019607843,0.235294118,0.058823529,0,0.098039216,0.397993311,0.208472687,0.10108388,0.145714286,0.985270635,Fidel Castro
Castro,Fidel,40,22449,1973,2,0.185185185,-0.037037037,0.172016461,0.814814815,0.62962963,0.481481481,0.018518519,0.092592593,0.12962963,0.055555556,0.222222222,0.079575597,-0.033598585,0.099774149,0.066831683,0.993331926,Fidel Castro
Castro,Fidel,40,36637,1973,3,0.300613497,0.083844581,0.100395197,0.699386503,0.63803681,0.411042945,0.110429448,0.128834356,0.122699387,0.036809816,0.190184049,-0.118902439,-0.15675813,0.101192092,0.110508475,0.988817416,Fidel Castro
Castro,Fidel,40,23929,1973,4,0.488721805,0.295739348,0.127457742,0.511278195,0.736842105,0.406015038,0.067669173,0.270676692,0.142857143,0.015037594,0.097744361,0.422740525,0.24101069,0.104051883,0.162393162,0.983102686,Fidel Castro
Castro,Fidel,40,18862,1974,1,0.142857143,0.091269841,0.063945578,0.857142857,0.952380952,0.261904762,0.035714286,0.273809524,0.178571429,0.047619048,0.202380952,-0.030995106,-0.082653616,0.105935828,0.120516499,0.987232985,Fidel Castro
Castro,Fidel,40,4510,1974,2,0.454545455,0.287878788,0.152066116,0.545454545,1,0.363636364,0,0.363636364,0.090909091,0.045454545,0.136363636,-0.137254902,-0.148148148,0.090298603,0.125714286,0.988648176,Fidel Castro
Castro,Fidel,40,23916,1974,3,0.428571429,0.212121212,0.173013999,0.571428571,0.441558442,0.493506494,0.064935065,0.155844156,0.181818182,0.038961039,0.064935065,0.366500829,0.1973466,0.100880341,0.113235294,0.988576785,Fidel Castro
Castro,Fidel,40,20412,1974,4,0.486486486,0.184684685,0.200146092,0.513513514,0.594594595,0.527027027,0.054054054,0.162162162,0.081081081,0.040540541,0.135135135,0.310714286,0.179761905,0.108387755,0.116719243,0.987349063,Fidel Castro
Castro,Fidel,40,5159,1975,1,0.333333333,0.148148148,0.125925926,0.666666667,0.555555556,0.444444444,0.055555556,0.166666667,0.166666667,0.055555556,0.111111111,-0.034090909,-0.107954545,0.087293388,0.092783505,0.991900613,Fidel Castro
Castro,Fidel,40,5357,1975,2,0.333333333,0.092592593,0.148148148,0.666666667,0.777777778,0.444444444,0.055555556,0.166666667,0.111111111,0,0.222222222,0.126582278,0.004219409,0.076974844,0.102272727,0.992127573,Fidel Castro
Castro,Fidel,40,19825,1975,3,0.595505618,0.310861423,0.150713294,0.404494382,0.494382022,0.471910112,0.146067416,0.179775281,0.101123596,0.033707865,0.06741573,0.546218487,0.37745098,0.134700939,0.157522124,0.978781622,Fidel Castro
Castro,Fidel,40,7041,1976,2,0.12,0.026666667,0.10528,0.88,0.8,0.24,0,0.32,0.04,0.12,0.28,-0.164556962,-0.195499297,0.12992576,0.095419847,0.987602504,Fidel Castro
Castro,Fidel,40,10025,1976,3,0.5625,0.34375,0.090625,0.4375,0.5,0.375,0.1875,0.21875,0.09375,0.09375,0.03125,0.244274809,0.125954198,0.069389896,0.108843537,0.992447358,Fidel Castro
Castro,Fidel,40,12687,1976,4,0.083333333,0.048611111,0.107291667,0.916666667,0.75,0.333333333,0,0.208333333,0.270833333,0.020833333,0.166666667,0.190031153,0.059190031,0.09802894,0.130081301,0.987248268,Fidel Castro
Castro,Fidel,40,4258,1977,1,0.285714286,0.023809524,0.363265306,0.714285714,0.142857143,0.642857143,0,0,0.214285714,0.071428571,0.071428571,0.147826087,0.060869565,0.071032136,0.108527132,0.992291086,Fidel Castro
Castro,Fidel,40,20878,1977,2,0.46031746,0.195767196,0.219349962,0.53968254,0.53968254,0.53968254,0.015873016,0.174603175,0.126984127,0.047619048,0.095238095,0.330628803,0.103448276,0.148389008,0.113309353,0.983186138,Fidel Castro
Castro,Fidel,40,36867,1977,3,0.543859649,0.269005848,0.187852673,0.456140351,0.467836257,0.514619883,0.087719298,0.169590643,0.128654971,0.035087719,0.064327485,0.526248399,0.333760137,0.13395381,0.179621849,0.975938969,Fidel Castro
Castro,Fidel,40,20440,1977,4,0.423728814,0.254237288,0.087158862,0.576271186,0.542372881,0.372881356,0.152542373,0.186440678,0.186440678,0.016949153,0.084745763,0.218181818,0.070909091,0.098750413,0.176646707,0.982556065,Fidel Castro
Castro,Fidel,40,22781,1978,1,0.417721519,0.164556962,0.162057363,0.582278481,0.632911392,0.481012658,0.063291139,0.164556962,0.126582278,0.012658228,0.151898734,0.217656012,0.052765094,0.110799747,0.107336957,0.988107092,Fidel Castro
Castro,Fidel,40,10358,1978,2,0.419354839,0.204301075,0.163371488,0.580645161,0.387096774,0.483870968,0.096774194,0.129032258,0.193548387,0.032258065,0.064516129,-0.16,-0.212222222,0.123466667,0.093655589,0.988436657,Fidel Castro
Castro,Fidel,40,19842,1978,3,0.516483516,0.238095238,0.21371815,0.483516484,0.461538462,0.538461538,0.065934066,0.153846154,0.142857143,0.021978022,0.076923077,0.491773309,0.263254113,0.145434796,0.142633229,0.979256165,Fidel Castro
Castro,Fidel,40,22350,1978,4,0.487804878,0.199186992,0.200654372,0.512195122,0.585365854,0.524390244,0.054878049,0.164634146,0.109756098,0.018292683,0.12804878,0.52854512,0.322897483,0.150721895,0.231966054,0.965037637,Fidel Castro
Castro,Fidel,40,16579,1979,1,0.247524752,0.085808581,0.167375747,0.752475248,0.455445545,0.475247525,0.02970297,0.118811881,0.227722772,0.03960396,0.108910891,0.193396226,0.055031447,0.083165717,0.192380952,0.9840005,Fidel Castro
Castro,Fidel,40,23577,1979,3,0.369230769,0.117948718,0.224473373,0.630769231,0.446153846,0.546153846,0.030769231,0.107692308,0.169230769,0.030769231,0.115384615,0.196581197,0.08974359,0.079124358,0.15625,0.987636819,Fidel Castro
Castro,Fidel,40,22782,1979,4,0.297297297,0.108108108,0.134940346,0.702702703,0.522522523,0.459459459,0.045045045,0.144144144,0.162162162,0.072072072,0.117117117,0.267153285,0.103649635,0.093199211,0.139447236,0.987003628,Fidel Castro
Castro,Fidel,40,13437,1980,1,0.227722772,0.069306931,0.111616508,0.772277228,0.435643564,0.435643564,0.059405941,0.118811881,0.168316832,0.118811881,0.099009901,0.287878788,0.16540404,0.06642562,0.276712329,0.981619212,Fidel Castro
Castro,Fidel,40,18233,1980,2,0.327102804,0.168224299,0.146615425,0.672897196,0.46728972,0.457943925,0.028037383,0.177570093,0.186915888,0.093457944,0.056074766,0.142857143,0.02425876,0.09111384,0.223849372,0.979604224,Fidel Castro
Castro,Fidel,40,35562,1980,3,0.553299492,0.257191201,0.191362828,0.446700508,0.609137056,0.512690355,0.065989848,0.197969543,0.086294416,0.030456853,0.106598985,0.373368146,0.210617929,0.085035688,0.204569055,0.98260433,Fidel Castro
Castro,Fidel,40,69942,1980,4,0.49321267,0.253393665,0.141295223,0.50678733,0.588235294,0.457013575,0.095022624,0.194570136,0.135746606,0.018099548,0.099547511,0.372619048,0.225595238,0.104969388,0.116254603,0.987796826,Fidel Castro
Castro,Fidel,40,25526,1981,1,0.101265823,-0.025316456,0.087742349,0.898734177,0.746835443,0.360759494,0.050632911,0.139240506,0.17721519,0.037974684,0.234177215,0.108552632,0.048245614,0.07367339,0.206266319,0.984803661,Fidel Castro
Castro,Fidel,40,29818,1981,2,0.121621622,0.042792793,0.073593864,0.878378378,0.675675676,0.344594595,0.040540541,0.175675676,0.216216216,0.060810811,0.162162162,0.088676671,-0.00636653,0.090080757,0.167990919,0.984867251,Fidel Castro
Castro,Fidel,40,39573,1981,3,0.363636364,0.12987013,0.143160735,0.636363636,0.675324675,0.461038961,0.045454545,0.175324675,0.11038961,0.045454545,0.162337662,0.200442968,0.097452935,0.081873269,0.145695364,0.988071444,Fidel Castro
Castro,Fidel,40,15763,1981,4,0.308641975,0.209876543,0.099771376,0.691358025,0.617283951,0.37037037,0.037037037,0.24691358,0.197530864,0.086419753,0.061728395,-0.038461538,-0.081730769,0.083080621,0.162977867,0.986459698,Fidel Castro
Castro,Fidel,40,20559,1982,1,0.292307692,0.076923077,0.160994083,0.707692308,0.461538462,0.492307692,0.046153846,0.107692308,0.153846154,0.076923077,0.123076923,0.238738739,0.107357357,0.095178963,0.127701375,0.987845516,Fidel Castro
Castro,Fidel,40,43571,1982,2,0.365853659,0.14498645,0.174221693,0.634146341,0.512195122,0.5,0.028455285,0.154471545,0.150406504,0.06504065,0.101626016,0.393548387,0.205017921,0.124972598,0.209183673,0.973857773,Fidel Castro
Castro,Fidel,40,9595,1982,3,0.513513514,0.216216216,0.242658875,0.486486486,0.432432432,0.567567568,0.054054054,0.135135135,0.135135135,0.027027027,0.081081081,0.693069307,0.397689769,0.18913832,0.154811715,0.970719172,Fidel Castro
Castro,Fidel,40,31303,1982,4,0.54248366,0.283224401,0.180725362,0.45751634,0.575163399,0.496732026,0.058823529,0.215686275,0.117647059,0.039215686,0.071895425,0.40203193,0.23222061,0.096104027,0.181710214,0.982536917,Fidel Castro
Castro,Fidel,40,10735,1983,1,0.388888889,0.203703704,0.168518519,0.611111111,0.555555556,0.472222222,0.027777778,0.194444444,0.194444444,0.027777778,0.083333333,0.060869565,-0.048309179,0.083695022,0.094488189,0.992091809,Fidel Castro
Castro,Fidel,40,8919,1983,2,0.611111111,0.361111111,0.212962963,0.388888889,0.611111111,0.5,0.027777778,0.277777778,0.111111111,0.055555556,0.027777778,0.230046948,0.122065728,0.107848972,0.144578313,0.984407378,Fidel Castro
Castro,Fidel,40,24414,1983,3,0.492537313,0.251243781,0.133080864,0.507462687,0.791044776,0.425373134,0.067164179,0.253731343,0.082089552,0.029850746,0.141791045,0.385542169,0.204149933,0.116756181,0.212025316,0.975244734,Fidel Castro
Castro,Fidel,40,6883,1983,4,0,0.041666667,0.0625,1,0.75,0.25,0,0.25,0.25,0.125,0.125,-0.13304721,-0.135908441,0.086002689,0.064257028,0.994473723,Fidel Castro
Castro,Fidel,40,15583,1984,1,0.28,0.076666667,0.12112,0.72,0.7,0.43,0.05,0.16,0.13,0.04,0.19,0.09148265,-0.029442692,0.077749803,0.239808153,0.981354963,Fidel Castro
Castro,Fidel,40,29766,1984,2,0.47107438,0.223140496,0.175466157,0.52892562,0.578512397,0.495867769,0.049586777,0.190082645,0.132231405,0.033057851,0.099173554,0.313001605,0.187265918,0.10651974,0.162634409,0.982676225,Fidel Castro
Castro,Fidel,40,12379,1984,3,0.723076923,0.461538462,0.217230769,0.276923077,0.676923077,0.476923077,0.061538462,0.323076923,0.107692308,0.015384615,0.015384615,0.197324415,0.119286511,0.095607432,0.178571429,0.982927244,Fidel Castro
Castro,Fidel,40,79553,1984,4,0.542307692,0.276923077,0.173215976,0.457692308,0.669230769,0.482692308,0.053846154,0.234615385,0.094230769,0.034615385,0.1,0.3355445,0.179104478,0.094417722,0.22327179,0.978919186,Fidel Castro
Castro,Fidel,40,36370,1985,1,0.43718593,0.231155779,0.176929876,0.56281407,0.572864322,0.48241206,0.030150754,0.206030151,0.175879397,0.025125628,0.08040201,0.314814815,0.149305556,0.123778292,0.187206021,0.976827958,Fidel Castro
Castro,Fidel,40,30901,1985,2,0.542553191,0.34929078,0.13388411,0.457446809,0.925531915,0.361702128,0.058510638,0.35106383,0.085106383,0.031914894,0.111702128,0.349593496,0.197380307,0.112728314,0.203023758,0.977113474,Fidel Castro
Castro,Fidel,40,51155,1985,3,0.435064935,0.232683983,0.1445775,0.564935065,0.61038961,0.451298701,0.055194805,0.211038961,0.162337662,0.025974026,0.094155844,0.292402149,0.165259657,0.088588646,0.191185599,0.983063127,Fidel Castro
Castro,Fidel,40,32864,1985,4,0.659340659,0.353479853,0.205603188,0.340659341,0.714285714,0.5,0.06043956,0.269230769,0.06043956,0.021978022,0.087912088,0.451428571,0.271904762,0.11656,0.206349206,0.975947937,Fidel Castro
Castro,Fidel,40,45717,1986,4,0.38028169,0.237089202,0.099761952,0.61971831,0.676056338,0.38028169,0.059859155,0.25,0.169014085,0.052816901,0.088028169,0.375,0.231725146,0.111060134,0.237458194,0.973627861,Fidel Castro
Castro,Fidel,40,48232,1987,1,0.503030303,0.270707071,0.174743802,0.496969697,0.6,0.481818182,0.051515152,0.218181818,0.151515152,0.015151515,0.081818182,0.430020284,0.256254226,0.123440952,0.250759878,0.969045962,Fidel Castro
Castro,Fidel,40,67413,1987,2,0.482758621,0.216475096,0.195679746,0.517241379,0.603448276,0.514367816,0.037356322,0.189655172,0.120689655,0.025862069,0.112068966,0.336089781,0.195117149,0.112788038,0.170504655,0.980769115,Fidel Castro
Castro,Fidel,40,55717,1987,3,0.548571429,0.252380952,0.193090612,0.451428571,0.514285714,0.522857143,0.077142857,0.174285714,0.091428571,0.051428571,0.082857143,0.371428571,0.223973727,0.107155039,0.256410256,0.972524349,Fidel Castro
Castro,Fidel,40,27098,1987,4,0.562189055,0.293532338,0.215326353,0.437810945,0.587064677,0.52238806,0.039800995,0.218905473,0.134328358,0.009950249,0.074626866,0.476673428,0.263015551,0.146986822,0.28962536,0.957428889,Fidel Castro
Castro,Fidel,40,24811,1988,1,0.592592593,0.327160494,0.12037037,0.407407407,0.592592593,0.425925926,0.152777778,0.217592593,0.083333333,0.041666667,0.078703704,0.586073501,0.35589942,0.148526127,0.2946794,0.95623241,Fidel Castro
Castro,Fidel,40,28657,1988,2,0.482993197,0.240362812,0.158683882,0.517006803,0.612244898,0.476190476,0.054421769,0.210884354,0.115646259,0.047619048,0.095238095,0.413953488,0.210852713,0.115102217,0.254766031,0.970675865,Fidel Castro
Castro,Fidel,40,44136,1988,3,0.428571429,0.176538908,0.141706224,0.571428571,0.620209059,0.466898955,0.073170732,0.174216028,0.101045296,0.048780488,0.135888502,0.353179973,0.146594497,0.122137402,0.279727096,0.965834859,Fidel Castro
Castro,Fidel,40,59791,1988,4,0.392156863,0.178104575,0.136043829,0.607843137,0.745098039,0.43627451,0.044117647,0.215686275,0.12745098,0.019607843,0.156862745,0.28,0.155348837,0.099232363,0.275118004,0.97269939,Fidel Castro
Castro,Fidel,40,77207,1989,1,0.373873874,0.164414414,0.151631361,0.626126126,0.617117117,0.468468468,0.024774775,0.193693694,0.135135135,0.063063063,0.114864865,0.300442758,0.149272612,0.101851565,0.219259259,0.977668101,Fidel Castro
Castro,Fidel,40,43079,1989,2,0.622149837,0.293159609,0.235989772,0.377850163,0.566775244,0.553745928,0.055374593,0.201954397,0.068403909,0.039087948,0.081433225,0.562412342,0.333333333,0.164683921,0.300980392,0.950433369,Fidel Castro
Castro,Fidel,40,65323,1989,3,0.449856734,0.214899713,0.141563698,0.550143266,0.664756447,0.455587393,0.06017192,0.209169054,0.114613181,0.037249284,0.123209169,0.322195704,0.170511801,0.103027817,0.217310087,0.977611016,Fidel Castro
Castro,Fidel,40,82531,1989,4,0.504725898,0.245746692,0.164574169,0.495274102,0.661625709,0.47826087,0.058601134,0.215500945,0.105860113,0.026465028,0.115311909,0.30654569,0.173255563,0.093134592,0.25530888,0.976221912,Fidel Castro
Castro,Fidel,40,70413,1990,1,0.481632653,0.23537415,0.153682632,0.518367347,0.53877551,0.479591837,0.075510204,0.185714286,0.120408163,0.055102041,0.083673469,0.153089888,0.02738764,0.086789073,0.256008359,0.977781272,Fidel Castro
Castro,Fidel,40,21858,1990,2,0.353658537,0.154471545,0.192266508,0.646341463,0.475609756,0.506097561,0.018292683,0.152439024,0.195121951,0.042682927,0.085365854,0.292079208,0.084158416,0.135614155,0.288732394,0.9608438,Fidel Castro
Castro,Fidel,40,48121,1990,3,0.471810089,0.28090999,0.106537876,0.528189911,0.617210682,0.403560831,0.097922849,0.234421365,0.142433234,0.047477745,0.074183976,0.272335845,0.143882311,0.081775257,0.266192733,0.978232021,Fidel Castro
Castro,Fidel,40,52918,1990,4,0.414893617,0.218971631,0.131609325,0.585106383,0.574468085,0.444148936,0.063829787,0.199468085,0.159574468,0.045212766,0.087765957,0.286187845,0.152117864,0.096162388,0.293520687,0.97177435,Fidel Castro
Castro,Fidel,40,50736,1991,1,0.466666667,0.242666667,0.116663467,0.533333333,0.714666667,0.418666667,0.074666667,0.24,0.090666667,0.058666667,0.117333333,0.369721936,0.184346035,0.114915028,0.278603269,0.967984298,Fidel Castro
Castro,Fidel,40,24369,1991,2,0.465240642,0.213903743,0.142028654,0.534759358,0.449197861,0.475935829,0.106951872,0.14973262,0.112299465,0.080213904,0.07486631,0.179265659,0.035277178,0.081553769,0.287692308,0.976537608,Fidel Castro
Castro,Fidel,40,49469,1992,1,0.383647799,0.15932914,0.183671532,0.616352201,0.540880503,0.503144654,0.028301887,0.160377358,0.163522013,0.034591195,0.110062893,0.245033113,0.120782088,0.102322938,0.231272727,0.976335495,Fidel Castro
Castro,Fidel,40,53857,1992,2,0.434285714,0.211428571,0.121991837,0.565714286,0.731428571,0.425714286,0.062857143,0.228571429,0.1,0.045714286,0.137142857,0.363033175,0.216113744,0.100041778,0.24911032,0.975078561,Fidel Castro
Castro,Fidel,40,20366,1992,3,0.310734463,0.148775895,0.131743752,0.689265537,0.542372881,0.440677966,0.04519774,0.169491525,0.197740113,0.04519774,0.101694915,0.206185567,0.091065292,0.079004145,0.313274336,0.975250029,Fidel Castro
Castro,Fidel,40,54807,1992,4,0.450292398,0.212475634,0.1729763,0.549707602,0.649122807,0.485380117,0.029239766,0.210526316,0.125730994,0.035087719,0.114035088,0.195467422,0.068303431,0.108201387,0.244111349,0.973586813,Fidel Castro
Castro,Fidel,40,50710,1993,1,0.343653251,0.146542828,0.150433724,0.656346749,0.674922601,0.458204334,0.009287926,0.204334365,0.139318885,0.055727554,0.133126935,0.342618384,0.14917982,0.132034461,0.230714286,0.969537764,Fidel Castro
Castro,Fidel,40,6732,1993,3,0.56097561,0.260162602,0.31041047,0.43902439,0.390243902,0.609756098,0.024390244,0.146341463,0.170731707,0,0.048780488,0.401459854,0.216545012,0.110916938,0.230337079,0.974451717,Fidel Castro
Castro,Fidel,40,42061,1993,4,0.458689459,0.259259259,0.120637008,0.541310541,0.672364672,0.418803419,0.071225071,0.239316239,0.136752137,0.037037037,0.096866097,0.335416667,0.20625,0.10725,0.267734554,0.971285469,Fidel Castro
Ceausescu,Nicolae,360,4432,1972,1,0.428571429,0.071428571,0.253061224,0.571428571,0.285714286,0.571428571,0.142857143,0,0.071428571,0.071428571,0.142857143,0.247524752,0.138613861,0.07632585,0.12173913,0.990708157,Nicolae Ceausescu
Ceausescu,Nicolae,360,4642,1974,2,0.471698113,0.188679245,0.271199715,0.528301887,0.188679245,0.58490566,0.094339623,0.056603774,0.188679245,0.037735849,0.037735849,0.636363636,0.38047138,0.17037037,0.348684211,0.940594542,Nicolae Ceausescu
Chavez,Hugo,101,5165,2003,3,0.411764706,0.12745098,0.217301038,0.588235294,0.647058824,0.529411765,0.029411765,0.147058824,0.117647059,0,0.176470588,0.092307692,-0.097435897,0.146366864,0.207317073,0.96965565,Hugo Chavez
Chavez,Hugo,101,6198,2005,3,0.733333333,0.372222222,0.294,0.266666667,0.433333333,0.6,0.083333333,0.183333333,0.1,0,0.033333333,0.040540541,-0.092342342,0.122242513,0.288461538,0.964737737,Hugo Chavez
Chavez,Hugo,101,6597,2005,4,0.26984127,0.08994709,0.130461073,0.73015873,0.793650794,0.412698413,0.031746032,0.19047619,0.158730159,0,0.206349206,0.18128655,0.046783626,0.115050785,0.269230769,0.969024789,Hugo Chavez
Chavez,Hugo,101,4365,2006,3,0.466666667,0.188888889,0.224,0.533333333,0.666666667,0.533333333,0,0.2,0.1,0.033333333,0.133333333,0.09375,-0.0546875,0.121240234,0.189873418,0.976979702,Hugo Chavez
Chavez,Hugo,101,7118,2007,1,0.352112676,0.17370892,0.119222377,0.647887324,0.676056338,0.422535211,0.028169014,0.225352113,0.126760563,0.084507042,0.112676056,0.242857143,0.007142857,0.173346939,0.336492891,0.941669987,Hugo Chavez
Ciller,Tansu,640,5403,1995,2,0.568627451,0.385620915,0.19077278,0.431372549,0.980392157,0.37254902,0,0.411764706,0.078431373,0.039215686,0.098039216,0.112676056,0.068075117,0.082801032,0.264248705,0.978119935,Tansu Ciller
Desai ,Morarji,750,5216,1977,3,0.714285714,0.349206349,0.319727891,0.285714286,0.476190476,0.619047619,0.047619048,0.19047619,0.095238095,0,0.047619048,0.611650485,0.330097087,0.209350551,0.169354839,0.964545471,Morarji Desai 
Desai ,Morarji,750,6933,1978,2,0.851851852,0.407407407,0.456790123,0.148148148,0.518518519,0.703703704,0,0.222222222,0.037037037,0,0.037037037,0.643312102,0.469214437,0.200129823,0.14673913,0.970633124,Morarji Desai 
Desai ,Morarji,750,7409,1978,3,0.348837209,0.170542636,0.157598702,0.651162791,0.511627907,0.465116279,0.046511628,0.162790698,0.209302326,0.023255814,0.093023256,0.464566929,0.228346457,0.137702275,0.252941176,0.965169424,Morarji Desai 
Estrada,Joseph,840,5456,1999,3,0.617021277,0.382978723,0.147125396,0.382978723,0.680851064,0.425531915,0.106382979,0.276595745,0.127659574,0,0.063829787,0.45,0.2,0.153833333,0.281437126,0.956705589,Joseph Estrada
Estrada,Joseph,840,6209,2000,3,0.147540984,0.043715847,0.058962644,0.852459016,0.655737705,0.344262295,0.06557377,0.163934426,0.180327869,0.081967213,0.163934426,0.202312139,0.04238921,0.097784757,0.260683761,0.974509102,Joseph Estrada
Faure,Edgard,220,4389,1955,3,0.75,0.375,0.353125,0.25,0.625,0.625,0,0.25,0.0625,0,0.0625,0.12195122,0.048780488,0.096569502,0.115107914,0.988884086,Edgard Faure
Gaddafi,Muammar,620,4062,1979,4,0.2,0.175,0.0625,0.8,0.7,0.275,0.075,0.25,0.25,0.05,0.1,0.138211382,0.043360434,0.083402736,0.245398773,0.979533071,Muammar Gaddafi
Gaddafi,Muammar,620,12309,2009,3,0.098039216,0.009803922,0.17716263,0.901960784,0.392156863,0.441176471,0.029411765,0.078431373,0.31372549,0.019607843,0.117647059,-0.039164491,-0.140121845,0.115451056,0.210309278,0.975719572,Muammar Gaddafi
Gandhi,Indira ,750,9743,1982,1,0.323943662,0.107981221,0.156833962,0.676056338,0.788732394,0.450704225,0.014084507,0.197183099,0.126760563,0.014084507,0.197183099,0.264,0.166666667,0.0889216,0.221183801,0.980331983,Indira  Gandhi
Gandhi,Indira ,750,7885,1982,3,0.291666667,0.111111111,0.203125,0.708333333,0.416666667,0.5,0.041666667,0.104166667,0.25,0,0.104166667,0.14619883,0.072124756,0.087308916,0.219178082,0.980863799,Indira  Gandhi
Gandhi,Indira ,750,6281,1983,1,0.411764706,0.205882353,0.161245675,0.588235294,0.470588235,0.470588235,0.088235294,0.147058824,0.205882353,0,0.088235294,0.185185185,0.083950617,0.087407407,0.201183432,0.982415078,Indira  Gandhi
Gandhi,Indira ,750,6688,1983,3,0.28125,0.09375,0.220117187,0.71875,0.40625,0.515625,0.03125,0.09375,0.25,0,0.109375,0.130434783,0.033816425,0.061373661,0.316831683,0.98055488,Indira  Gandhi
Gandhi,Indira ,750,7097,1984,1,0.433962264,0.213836478,0.207974368,0.566037736,0.566037736,0.509433962,0.018867925,0.188679245,0.188679245,0,0.094339623,0.357142857,0.236111111,0.101955782,0.239819005,0.975549066,Indira  Gandhi
Gandhi,Rajiv,750,6803,1985,1,0.56,0.206666667,0.28096,0.44,0.36,0.6,0.1,0.08,0.12,0,0.1,0.213333333,0.066666667,0.11264,0.25,0.97184,Rajiv Gandhi
Gandhi,Rajiv,750,24835,1985,2,0.480314961,0.254593176,0.172819146,0.519685039,0.57480315,0.480314961,0.059055118,0.200787402,0.169291339,0.003937008,0.086614173,0.398633257,0.239939256,0.095857743,0.366522367,0.964865993,Rajiv Gandhi
Gandhi,Rajiv,750,7198,1986,1,0.169811321,0.050314465,0.089213243,0.830188679,0.830188679,0.339622642,0.056603774,0.188679245,0.188679245,0,0.226415094,0.311258278,0.154525386,0.08140871,0.259803922,0.978849698,Rajiv Gandhi
Gandhi,Rajiv,750,7985,1986,2,0.551724138,0.252873563,0.258739596,0.448275862,0.551724138,0.568965517,0.017241379,0.189655172,0.120689655,0.017241379,0.086206897,0.325842697,0.189138577,0.08420654,0.245762712,0.979305172,Rajiv Gandhi
Gorbachev,Mikhail,365,4911,1985,4,0.6,0.306666667,0.24736,0.4,0.4,0.56,0.08,0.16,0.16,0,0.04,0.151515152,-0.003367003,0.096663606,0.201612903,0.98051137,Mikhail Gorbachev
Gorbachev,Mikhail,365,5755,1986,2,0.795918367,0.353741497,0.416243232,0.204081633,0.408163265,0.693877551,0.040816327,0.163265306,0.040816327,0.020408163,0.040816327,0.308823529,0.110294118,0.135294118,0.264864865,0.964165342,Mikhail Gorbachev
Gorbachev,Mikhail,365,9659,1990,2,0.694915254,0.225988701,0.51806952,0.305084746,0.305084746,0.762711864,0.016949153,0.06779661,0.06779661,0,0.084745763,0.525423729,0.31826742,0.168438188,0.25,0.957890453,Mikhail Gorbachev
Guevara,Che,160,4069,1960,3,0.454545455,0.136363636,0.266115702,0.545454545,0.272727273,0.590909091,0.090909091,0.045454545,0.136363636,0.045454545,0.090909091,0.261904762,0.107142857,0.102721088,0.20754717,0.978680529,Che Guevara
Guevara,Che,160,4865,1960,4,0.534883721,0.248062016,0.197836668,0.465116279,0.930232558,0.465116279,0.023255814,0.279069767,0.046511628,0,0.186046512,0.232876712,0.136986301,0.089585288,0.227513228,0.979618162,Che Guevara
Guevara,Che,160,5547,1961,2,0,-0.166666667,0.25,1,0.5,0.5,0,0,0.25,0,0.25,-0.127071823,-0.158379374,0.083910748,0.021621622,0.998185714,Che Guevara
Guevara,Che,160,14678,1961,3,0.211267606,0.046948357,0.101606824,0.788732394,0.647887324,0.394366197,0.084507042,0.126760563,0.183098592,0.014084507,0.197183099,0.204134367,0.044788975,0.087683032,0.155021834,0.986407216,Che Guevara
Guevara,Che,160,4913,1962,4,0.421052632,0.140350877,0.306925208,0.578947368,0.421052632,0.605263158,0,0.105263158,0.184210526,0,0.105263158,0,-0.080321285,0.078879373,0.18627451,0.985306783,Che Guevara
Guevara,Che,160,8955,1964,1,0.545454545,0.166666667,0.276033058,0.454545455,0.545454545,0.590909091,0.045454545,0.136363636,0,0.090909091,0.136363636,0.142857143,0,0.086239024,0.078291815,0.99324819,Che Guevara
Guevara,Che,160,6686,1964,4,0.166666667,0.138888889,0.153703704,0.833333333,0.388888889,0.388888889,0.027777778,0.166666667,0.333333333,0.055555556,0.027777778,-0.178378378,-0.27027027,0.157598247,0.162895928,0.974327887,Che Guevara
Guevara,Che,160,4168,1965,1,0.5,0.270833333,0.19375,0.5,0.5,0.5,0.0625,0.1875,0.1875,0,0.0625,-0.019230769,-0.118589744,0.101997041,0.133333333,0.986400394,Che Guevara
Gustav,Husak,315,16780,1971,2,0.420289855,0.246376812,0.147069943,0.579710145,0.753623188,0.420289855,0.028985507,0.260869565,0.173913043,0,0.115942029,0.215258856,0.113533152,0.099115741,0.158256881,0.984314252,Husak Gustav
Gustav,Husak,315,4536,1981,2,0.666666667,0.333333333,0.266666667,0.333333333,1,0.5,0,0.333333333,0,0,0.166666667,0.324324324,0.202702703,0.142731921,0.075,0.989295106,Husak Gustav
Gustav,Husak,315,4899,1982,2,0.733333333,0.444444444,0.253333333,0.266666667,0.533333333,0.533333333,0.066666667,0.266666667,0.133333333,0,0,0.421686747,0.281124498,0.117549717,0.153061224,0.982007696,Husak Gustav
Gustav,Husak,315,20552,1986,2,0.558139535,0.341085271,0.198161168,0.441860465,0.534883721,0.488372093,0.046511628,0.244186047,0.174418605,0.023255814,0.023255814,0.444676409,0.282533055,0.111708892,0.152212389,0.982996523,Husak Gustav
Honeker ,Erich,265,6134,1983,1,0.885714286,0.39047619,0.44555102,0.114285714,0.285714286,0.714285714,0.114285714,0.114285714,0.028571429,0,0.028571429,0.338235294,0.112745098,0.104930796,0.204678363,0.978522937,Erich Honeker 
Honeker ,Erich,265,4295,1985,4,0.8,0.416666667,0.316,0.2,0.6,0.6,0.05,0.25,0.05,0,0.05,0.276190476,0.146031746,0.087238095,0.16,0.986041905,Erich Honeker 
Hussein,Saddam,645,8853,1980,3,0.236363636,0.078787879,0.180429752,0.763636364,0.327272727,0.490909091,0.036363636,0.090909091,0.236363636,0.072727273,0.072727273,0.212851406,0.021419009,0.133343011,0.180921053,0.975875442,Saddam Hussein
Hussein,Saddam,645,4976,1981,4,0.666666667,0.240740741,0.451851852,0.333333333,0.222222222,0.722222222,0.055555556,0.055555556,0.111111111,0,0.055555556,0.119047619,0.017857143,0.069132653,0.096774194,0.993309743,Saddam Hussein
Hussein,Saddam,645,6010,1982,1,0.714285714,0.371428571,0.296653061,0.285714286,0.285714286,0.6,0.114285714,0.142857143,0.142857143,0,0,0.228346457,0.005249344,0.168355137,0.216049383,0.963626977,Saddam Hussein
Hussein,Saddam,645,4574,1985,1,0.333333333,0.19047619,0.276190476,0.666666667,0.19047619,0.523809524,0.047619048,0.095238095,0.333333333,0,0,0.086206897,-0.014367816,0.056837099,0.153284672,0.991287744,Saddam Hussein
Hussein,Saddam,645,4307,1986,3,-0.411764706,-0.245098039,0.06366782,0.588235294,0.470588235,0.147058824,0.088235294,0.058823529,0.352941176,0.176470588,0.176470588,-0.030927835,-0.099656357,0.093973855,0.259541985,0.975609839,Saddam Hussein
Hussein,Saddam,645,4729,1987,1,0.333333333,0.177777778,0.131259259,0.666666667,0.8,0.4,0.022222222,0.244444444,0.177777778,0,0.155555556,-0.056910569,-0.119241192,0.057069205,0.267857143,0.984713606,Saddam Hussein
Hussein,Saddam,645,13018,1988,2,-0.052631579,-0.203947368,0.123995845,0.947368421,0.75,0.381578947,0.026315789,0.065789474,0.118421053,0.098684211,0.309210526,0,-0.112637363,0.083425915,0.294573643,0.975424924,Saddam Hussein
Hussein,Saddam,645,7503,1991,1,0.087719298,0.040935673,0.0677747,0.912280702,0.631578947,0.333333333,0.01754386,0.192982456,0.210526316,0.122807018,0.122807018,0.371134021,0.151202749,0.138420661,0.227091633,0.968565826,Saddam Hussein
Hussein,Saddam,645,4075,1996,1,0.647058824,0.450980392,0.111418685,0.352941176,0.588235294,0.352941176,0.176470588,0.294117647,0.117647059,0.058823529,0,0.009345794,-0.099688474,0.07911608,0.137096774,0.989153441,Saddam Hussein
Hussein,Saddam,645,5370,2003,1,0.818181818,0.333333333,0.623140496,0.181818182,0.181818182,0.818181818,0,0.090909091,0.090909091,0,0,0.225806452,0.088172043,0.085252862,0.06626506,0.994350714,Saddam Hussein
Izetbegovic,Aliija,346,4074,1991,3,0.052631579,-0.122807018,0.235457064,0.947368421,0.526315789,0.263157895,0,0.263157895,0,0,0.473684211,0.275362319,0.1352657,0.125897921,0.215909091,0.972817494,Aliija Izetbegovic
Izetbegovic,Aliija,346,4837,1993,1,0.538461538,0.188034188,0.420907298,0.461538462,0.205128205,0.692307692,0.025641026,0.051282051,0.179487179,0,0.051282051,0.06122449,-0.111111111,0.12625295,0.209677419,0.973527607,Aliija Izetbegovic
Jaruzelski,Wojciech,290,4321,1982,1,0.294117647,0.098039216,0.152941176,0.705882353,0.941176471,0.411764706,0,0.235294118,0.117647059,0,0.235294118,0.117647059,-0.058823529,0.116738754,0.111111111,0.987029027,Wojciech Jaruzelski
Jaruzelski,Wojciech,290,4927,1982,4,0.666666667,0.296296296,0.385185185,0.333333333,0.444444444,0.666666667,0,0.166666667,0.111111111,0,0.055555556,0.237113402,0.082474227,0.09473908,0.156521739,0.985171274,Wojciech Jaruzelski
Jayewardene ,Junius ,780,8281,1978,1,0.527272727,0.290909091,0.135206612,0.472727273,0.8,0.418181818,0.072727273,0.272727273,0.090909091,0.018181818,0.127272727,0.145454545,0.027272727,0.084033058,0.2,0.983193388,Junius  Jayewardene 
Jayewardene ,Junius ,780,7738,1978,2,0.820895522,0.482587065,0.196435732,0.179104478,0.597014925,0.47761194,0.164179104,0.268656716,0.044776119,0.014925373,0.029850746,0.563451777,0.338409475,0.15320673,0.253787879,0.961117989,Junius  Jayewardene 
Jayewardene ,Junius ,780,4294,1978,3,0.52173913,0.246376812,0.172022684,0.47826087,0.47826087,0.5,0.108695652,0.152173913,0.130434783,0.02173913,0.086956522,0.272727273,0.162878788,0.118904959,0.343283582,0.95918188,Junius  Jayewardene 
Khan,Yhya,770,4841,1971,3,0.47826087,0.188405797,0.260491493,0.52173913,0.608695652,0.565217391,0,0.173913043,0.130434783,0,0.130434783,0.184210526,0.032894737,0.103531856,0.131428571,0.986392956,Yhya Khan
Krushchev,Nakita,365,6682,1961,1,0.365853659,0.113821138,0.164782867,0.634146341,0.634146341,0.487804878,0.024390244,0.170731707,0.073170732,0.097560976,0.146341463,0.342995169,0.149758454,0.116992229,0.165322581,0.980658543,Nakita Krushchev
Kumaratunga,Chandrinka,780,5581,1995,3,0.407407407,0.049382716,0.269135802,0.592592593,0.740740741,0.555555556,0.037037037,0.111111111,0.037037037,0,0.259259259,0.2,0.072916667,0.080125,0.144385027,0.98843115,Chandrinka Kumaratunga
Kumaratunga,Chandrinka,780,9984,1998,3,0.533333333,0.277777778,0.168,0.466666667,0.733333333,0.466666667,0.05,0.25,0.1,0.016666667,0.116666667,0.343629344,0.160875161,0.108957827,0.188087774,0.979506365,Chandrinka Kumaratunga
Kumaratunga,Chandrinka,780,7847,2000,3,0.457142857,0.166666667,0.167346939,0.542857143,0.857142857,0.457142857,0.057142857,0.214285714,0.042857143,0.014285714,0.214285714,0.324444444,0.151111111,0.119028148,0.237288136,0.971756033,Chandrinka Kumaratunga
Kumaratunga,Chandrinka,780,15051,2000,4,0.398058252,0.155339806,0.152568574,0.601941748,0.815533981,0.446601942,0.038834951,0.213592233,0.097087379,0.009708738,0.194174757,0.393442623,0.250455373,0.098933978,0.219616205,0.978272495,Chandrinka Kumaratunga
Kumaratunga,Chandrinka,780,5509,2001,1,0.745454545,0.484848485,0.172495868,0.254545455,0.909090909,0.381818182,0.109090909,0.381818182,0.036363636,0.018181818,0.072727273,0.72,0.477777778,0.231466667,0.268292683,0.937899187,Chandrinka Kumaratunga
Kumaratunga,Chandrinka,780,5659,2002,1,0.526315789,0.245614035,0.213850416,0.473684211,0.631578947,0.526315789,0.026315789,0.210526316,0.105263158,0.026315789,0.105263158,0.379310345,0.154022989,0.106435196,0.207650273,0.977898702,Chandrinka Kumaratunga
Kumaratunga,Chandrinka,780,9705,2002,2,0.487179487,0.213675214,0.237869822,0.512820513,0.666666667,0.538461538,0,0.205128205,0.128205128,0,0.128205128,0.366795367,0.243243243,0.105022286,0.130872483,0.986255473,Chandrinka Kumaratunga
Kumaratunga,Chandrinka,780,7751,2002,3,0.708333333,0.354166667,0.234375,0.291666667,0.625,0.541666667,0.083333333,0.229166667,0.041666667,0.020833333,0.083333333,0.428571429,0.19047619,0.156337998,0.181132075,0.971682174,Chandrinka Kumaratunga
Kumaratunga,Chandrinka,780,8154,2002,4,0.25,0,0.178,0.75,0.75,0.475,0.025,0.125,0.1,0.025,0.25,0.504761905,0.311111111,0.139809524,0.16,0.977630476,Chandrinka Kumaratunga
Kumaratunga,Chandrinka,780,4430,2003,2,0.739130435,0.376811594,0.314933837,0.260869565,0.52173913,0.608695652,0.043478261,0.217391304,0.086956522,0,0.043478261,0.557377049,0.327868852,0.163934426,0.15862069,0.973996608,Chandrinka Kumaratunga
Kumaratunga,Chandrinka,780,5025,2004,1,0.641025641,0.324786325,0.266272189,0.358974359,0.615384615,0.564102564,0.025641026,0.230769231,0.102564103,0,0.076923077,0.464566929,0.262467192,0.13502387,0.234939759,0.968277525,Chandrinka Kumaratunga
Kumaratunga,Chandrinka,780,11122,2004,2,0.321428571,0.029761905,0.175765306,0.678571429,0.821428571,0.464285714,0.053571429,0.142857143,0.035714286,0.035714286,0.267857143,0.414965986,0.24829932,0.070776066,0.16,0.98867583,Chandrinka Kumaratunga
Kumaratunga,Chandrinka,780,11430,2004,3,0.590361446,0.232931727,0.315430396,0.409638554,0.313253012,0.626506024,0.084337349,0.084337349,0.13253012,0,0.072289157,0.433962264,0.223899371,0.12947241,0.238505747,0.969120086,Chandrinka Kumaratunga
Kumaratunga,Chandrinka,780,7895,2004,4,0.698113208,0.314465409,0.428408686,0.301886792,0.339622642,0.698113208,0,0.150943396,0.113207547,0.018867925,0.018867925,0.359223301,0.205501618,0.10692808,0.204633205,0.978118964,Chandrinka Kumaratunga
Kumaratunga,Chandrinka,780,4157,2005,1,0.705882353,0.323529412,0.300346021,0.294117647,0.705882353,0.588235294,0.029411765,0.235294118,0.029411765,0,0.117647059,0.472727273,0.224242424,0.12985124,0.236111111,0.96934068,Chandrinka Kumaratunga
Kumaratunga,Chandrinka,780,8464,2005,2,0.608695652,0.326086957,0.177693762,0.391304348,0.695652174,0.47826087,0.065217391,0.260869565,0.065217391,0.043478261,0.086956522,0.365638767,0.174743025,0.108960003,0.168498168,0.981640439,Chandrinka Kumaratunga
Kumaratunga,Chandrinka,780,11658,2005,3,0.484848485,0.272727273,0.20661157,0.515151515,0.575757576,0.5,0.015151515,0.227272727,0.181818182,0.015151515,0.060606061,0.188010899,0.070844687,0.078570633,0.152424942,0.988023876,Chandrinka Kumaratunga
Kumaratunga,Chandrinka,780,4509,2005,4,0.866666667,0.533333333,0.336,0.133333333,0.866666667,0.533333333,0,0.4,0.033333333,0,0.033333333,0.543307087,0.317585302,0.129518259,0.191082803,0.975251288,Chandrinka Kumaratunga
Lenin,Vladimir,365,4482,1917,4,0.1,-0.183333333,0.25,0.9,0.9,0.4,0.05,0.1,0,0,0.45,0.037037037,-0.049382716,0.061728395,0.15625,0.990354938,Vladimir Lenin
Lenin,Vladimir,365,9551,1919,1,-0.103448276,-0.103448276,0.109631391,0.896551724,0.896551724,0.275862069,0,0.172413793,0.275862069,0,0.275862069,0.104761905,0,0.087129252,0.121338912,0.989427831,Vladimir Lenin
Lenin,Vladimir,365,5321,1919,3,0.5,0.166666667,0.325,0.5,0.5,0.625,0,0.125,0.125,0,0.125,-0.148648649,-0.225225225,0.098685172,0.051282051,0.994939222,Vladimir Lenin
Lenin,Vladimir,365,8777,1919,4,0.142857143,0.013605442,0.11636818,0.857142857,0.93877551,0.326530612,0,0.244897959,0.12244898,0.020408163,0.285714286,0.267175573,0.188295165,0.075613309,0.15755627,0.988086649,Vladimir Lenin
Lenin,Vladimir,365,7947,1920,1,0.12195122,-0.056910569,0.157644259,0.87804878,0.926829268,0.365853659,0,0.195121951,0.097560976,0,0.341463415,-0.254098361,-0.255464481,0.106812685,0.143859649,0.984633965,Vladimir Lenin
Marcos ,Ferdinand,840,31414,1969,1,0.489932886,0.288590604,0.126525832,0.510067114,0.88590604,0.382550336,0.053691275,0.308724832,0.093959732,0.026845638,0.134228188,0.579856115,0.411031175,0.1532165,0.176540284,0.972951115,Ferdinand Marcos 
Marcos ,Ferdinand,840,22282,1970,1,0.451327434,0.247787611,0.145931553,0.548672566,0.672566372,0.442477876,0.053097345,0.230088496,0.159292035,0.008849558,0.10619469,0.510280374,0.360124611,0.118793956,0.174382716,0.979284387,Ferdinand Marcos 
Marcos ,Ferdinand,840,15750,1971,1,0.494505495,0.252747253,0.148508634,0.505494505,0.791208791,0.43956044,0.054945055,0.252747253,0.098901099,0.010989011,0.142857143,0.487323944,0.339906103,0.132343583,0.204035874,0.972997161,Ferdinand Marcos 
Marcos ,Ferdinand,840,8983,1974,3,0.487804878,0.195121951,0.220107079,0.512195122,0.634146341,0.536585366,0.024390244,0.182926829,0.097560976,0.024390244,0.134146341,0.318681319,0.131868132,0.100615868,0.310606061,0.968748102,Ferdinand Marcos 
Marcos ,Ferdinand,840,6021,1975,3,0.416666667,0.076388889,0.3375,0.583333333,0.291666667,0.645833333,0.020833333,0.041666667,0.104166667,0.083333333,0.104166667,0.358208955,0.151741294,0.124526621,0.263736264,0.967157814,Ferdinand Marcos 
Mendes,Pierre ,220,9344,1954,3,0.323076923,0.051282051,0.237112426,0.676923077,0.523076923,0.553846154,0.015384615,0.092307692,0.138461538,0.030769231,0.169230769,0.295154185,0.155653451,0.111521667,0.22260274,0.975174971,Pierre  Mendes
Mendes,Pierre ,220,5873,1954,4,0.769230769,0.358974359,0.385798817,0.230769231,0.615384615,0.653846154,0,0.230769231,0.038461538,0,0.076923077,0.527950311,0.296066253,0.134663015,0.139037433,0.9812768,Pierre  Mendes
Milosevic,Slobodan,345,9093,1992,2,0.694915254,0.327683616,0.327089917,0.305084746,0.474576271,0.627118644,0.033898305,0.186440678,0.084745763,0.016949153,0.050847458,0.158415842,0.02640264,0.097029703,0.22605364,0.978066082,Slobodan Milosevic
Milosevic,Slobodan,345,8259,1999,2,0.290322581,0.091397849,0.12591051,0.709677419,0.677419355,0.435483871,0.048387097,0.161290323,0.14516129,0.032258065,0.177419355,0,-0.106918239,0.11505874,0.226277372,0.973964811,Slobodan Milosevic
Milosevic,Slobodan,345,4531,2000,1,0.666666667,0.388888889,0.133333333,0.333333333,1,0.333333333,0.166666667,0.333333333,0,0,0.166666667,-0.017241379,0,0.059334126,0.049180328,0.997081928,Slobodan Milosevic
Netanyahu,Benjamin,666,18828,2009,2,0.686746988,0.365461847,0.241834809,0.313253012,0.469879518,0.554216867,0.084337349,0.204819277,0.102409639,0.024096386,0.030120482,0.403189066,0.217919514,0.111785431,0.274380165,0.969328295,Benjamin Netanyahu
Netanyahu,Benjamin,666,35418,2009,3,0.588039867,0.240310078,0.223054933,0.411960133,0.518272425,0.548172757,0.109634551,0.136212625,0.079734219,0.003322259,0.122923588,0.385542169,0.192771084,0.093027145,0.266136163,0.975242113,Benjamin Netanyahu
Netanyahu,Benjamin,666,28543,2009,4,0.511864407,0.228248588,0.194465958,0.488135593,0.53559322,0.522033898,0.06440678,0.169491525,0.111864407,0.033898305,0.098305085,0.313218391,0.165229885,0.074296472,0.297679112,0.977883492,Benjamin Netanyahu
Netanyahu,Benjamin,666,36738,2010,1,0.625,0.327546296,0.199247685,0.375,0.527777778,0.517361111,0.090277778,0.204861111,0.104166667,0.024305556,0.059027778,0.269315673,0.088300221,0.109264214,0.24120603,0.973644813,Benjamin Netanyahu
Netanyahu,Benjamin,666,31918,2010,2,0.585034014,0.266439909,0.233152853,0.414965986,0.503401361,0.557823129,0.06122449,0.173469388,0.091836735,0.037414966,0.078231293,0.283887468,0.108269395,0.108490918,0.273234201,0.970356571,Benjamin Netanyahu
Netanyahu,Benjamin,666,38685,2010,3,0.582010582,0.305114638,0.208415218,0.417989418,0.571428571,0.518518519,0.060846561,0.211640212,0.132275132,0.002645503,0.074074074,0.273073264,0.08753568,0.113045887,0.264520644,0.970097029,Benjamin Netanyahu
Netanyahu,Benjamin,666,30107,2010,4,0.496503497,0.236596737,0.156408626,0.503496503,0.482517483,0.482517483,0.115384615,0.15034965,0.13986014,0.020979021,0.090909091,0.255813953,0.127906977,0.083336338,0.269811321,0.977514913,Benjamin Netanyahu
Netanyahu,Benjamin,666,33043,2011,1,0.663492063,0.283597884,0.32676644,0.336507937,0.431746032,0.634920635,0.050793651,0.146031746,0.082539683,0.015873016,0.06984127,0.36307311,0.160677406,0.116684402,0.280748663,0.96724101,Benjamin Netanyahu
Netanyahu,Benjamin,666,32981,2011,2,0.679012346,0.350823045,0.198536808,0.320987654,0.549382716,0.515432099,0.114197531,0.209876543,0.064814815,0.030864198,0.064814815,0.365239295,0.149874055,0.119885286,0.28980322,0.965256858,Benjamin Netanyahu
Netanyahu,Benjamin,666,13590,2011,3,0.474576271,0.231638418,0.16954898,0.525423729,0.694915254,0.474576271,0.042372881,0.220338983,0.127118644,0.008474576,0.127118644,0.241192412,0.033423668,0.117509419,0.242299795,0.971527492,Benjamin Netanyahu
Netanyahu,Benjamin,666,19783,2011,4,0.446153846,0.208547009,0.143889546,0.553846154,0.492307692,0.471794872,0.097435897,0.153846154,0.143589744,0.041025641,0.092307692,0.305494505,0.13992674,0.086591474,0.3,0.974022558,Benjamin Netanyahu
Netanyahu,Benjamin,666,28227,2012,1,0.538461538,0.244200244,0.19349515,0.461538462,0.483516484,0.523809524,0.091575092,0.153846154,0.113553114,0.029304029,0.087912088,0.297142857,0.127142857,0.100827755,0.28057554,0.971710198,Benjamin Netanyahu
Netanyahu,Benjamin,666,12540,2012,2,0.559055118,0.204724409,0.236803274,0.440944882,0.456692913,0.566929134,0.102362205,0.11023622,0.070866142,0.031496063,0.118110236,0.121387283,0.009633911,0.062922249,0.268498943,0.983105443,Benjamin Netanyahu
Netanyahu,Benjamin,666,5341,2012,3,0.657142857,0.285714286,0.328,0.342857143,0.514285714,0.628571429,0.028571429,0.171428571,0.085714286,0,0.085714286,0.359550562,0.170411985,0.111097084,0.164319249,0.981744611,Benjamin Netanyahu
Netanyahu,Benjamin,666,11025,2012,4,0.529411765,0.288515406,0.160059318,0.470588235,0.789915966,0.445378151,0.042016807,0.277310924,0.092436975,0.025210084,0.117647059,0.368421053,0.2,0.1148735,0.294554455,0.966163499,Benjamin Netanyahu
Netanyahu,Benjamin,666,9808,2013,1,0.647058824,0.327731092,0.307506532,0.352941176,0.43697479,0.605042017,0.033613445,0.18487395,0.142857143,0,0.033613445,0.41563786,0.193415638,0.129604227,0.328729282,0.957395296,Benjamin Netanyahu
Netanyahu,Benjamin,666,13894,2013,2,0.554216867,0.228915663,0.263521556,0.445783133,0.325301205,0.584337349,0.102409639,0.090361446,0.144578313,0.006024096,0.072289157,0.295081967,0.113843352,0.098056078,0.312030075,0.969403555,Benjamin Netanyahu
Netanyahu,Benjamin,666,4600,2013,3,0.4375,0.177083333,0.14453125,0.5625,0.625,0.46875,0.0625,0.1875,0.0625,0.09375,0.125,0.430894309,0.162601626,0.161292881,0.206451613,0.966700825,Benjamin Netanyahu
Netanyahu,Benjamin,666,31704,2013,4,0.578947368,0.288888889,0.189037858,0.421052632,0.561403509,0.50877193,0.087719298,0.192982456,0.112280702,0.010526316,0.087719298,0.272509004,0.12284914,0.076519732,0.254919499,0.980493628,Benjamin Netanyahu
Netanyahu,Benjamin,666,28583,2014,1,0.539170507,0.270353303,0.23533734,0.460829493,0.460829493,0.548387097,0.046082949,0.175115207,0.161290323,0.013824885,0.055299539,0.255376344,0.092741935,0.102501734,0.225806452,0.976854447,Benjamin Netanyahu
Netanyahu,Benjamin,666,16897,2014,2,0.389312977,0.147582697,0.207878329,0.610687023,0.488549618,0.526717557,0.038167939,0.129770992,0.175572519,0.015267176,0.114503817,0.109452736,-0.029850746,0.091453182,0.245778612,0.977522764,Benjamin Netanyahu
Netanyahu,Benjamin,666,12636,2014,3,0.168141593,0.061946903,0.070561516,0.831858407,0.707964602,0.345132743,0.061946903,0.17699115,0.194690265,0.044247788,0.17699115,-0.057522124,-0.152654867,0.107024826,0.2,0.978595035,Benjamin Netanyahu
Netanyahu,Benjamin,666,9726,2014,4,0.529411765,0.250980392,0.22967474,0.470588235,0.588235294,0.541176471,0.011764706,0.211764706,0.105882353,0.047058824,0.082352941,0.206349206,0.056084656,0.085641723,0.2125,0.981801134,Benjamin Netanyahu
Netanyahu,Benjamin,666,11129,2015,1,0.5,0.297619048,0.103061224,0.5,0.642857143,0.392857143,0.125,0.232142857,0.142857143,0.017857143,0.089285714,0.105263158,-0.00877193,0.066110803,0.128440367,0.991508704,Benjamin Netanyahu
Netanyahu,Benjamin,666,22803,2015,2,0.522727273,0.227272727,0.198088843,0.477272727,0.522727273,0.528409091,0.068181818,0.164772727,0.096590909,0.045454545,0.096590909,0.246268657,0.093283582,0.084562263,0.247191011,0.979096969,Benjamin Netanyahu
Netanyahu,Benjamin,666,10537,2015,3,0.466666667,0.2,0.25888,0.533333333,0.4,0.573333333,0.026666667,0.133333333,0.173333333,0.026666667,0.066666667,0.177570093,0.062305296,0.07664716,0.189393939,0.985483492,Benjamin Netanyahu
Netanyahu,Benjamin,666,27335,2015,4,0.2421875,0.046875,0.096520996,0.7578125,0.6875,0.40625,0.06640625,0.1484375,0.109375,0.07421875,0.1953125,0.097744361,-0.009189641,0.068524695,0.24288425,0.983356431,Benjamin Netanyahu
Netanyahu,Benjamin,666,15364,2016,1,0.557142857,0.316666667,0.178979592,0.442857143,0.628571429,0.478571429,0.042857143,0.257142857,0.114285714,0.05,0.057142857,0.346341463,0.177235772,0.11010113,0.254545455,0.971974258,Benjamin Netanyahu
Netanyahu,Benjamin,666,15155,2016,2,0.541666667,0.219907407,0.202546296,0.458333333,0.666666667,0.520833333,0.0625,0.1875,0.055555556,0.027777778,0.145833333,0.184782609,0.043478261,0.08702741,0.28125,0.975523541,Benjamin Netanyahu
Netanyahu,Benjamin,666,17305,2016,3,0.520661157,0.258953168,0.177597159,0.479338843,0.595041322,0.495867769,0.05785124,0.20661157,0.115702479,0.033057851,0.090909091,0.266019417,0.132686084,0.094972193,0.190251572,0.981931391,Benjamin Netanyahu
Netanyahu,Benjamin,666,5318,2016,4,0.405405405,0.198198198,0.14623813,0.594594595,0.594594595,0.459459459,0.054054054,0.189189189,0.162162162,0.027027027,0.108108108,0.185840708,0.026548673,0.092176365,0.246666667,0.977263163,Benjamin Netanyahu
Nimeiry,Gaafar,625,6985,1978,3,0.75,0.416666667,0.2125,0.25,0.916666667,0.458333333,0.083333333,0.333333333,0,0,0.125,0.296442688,0.175230567,0.107438017,0.086642599,0.990691291,Gaafar Nimeiry
Nu,U,775,9310,1947,4,0.655172414,0.264367816,0.332223543,0.344827586,0.482758621,0.637931034,0.034482759,0.155172414,0.051724138,0.034482759,0.086206897,0.264,0.109333333,0.089536,0.188311688,0.983139325,U Nu
Nu,U,775,18824,1948,2,0.449275362,0.251207729,0.162696912,0.550724638,0.724637681,0.449275362,0.014492754,0.260869565,0.144927536,0.028985507,0.101449275,0.296703297,0.137973138,0.095342752,0.112195122,0.989303008,U Nu
Nu,U,775,4917,1948,3,0.230769231,0.128205128,0.084023669,0.769230769,0.923076923,0.269230769,0.038461538,0.307692308,0.115384615,0.038461538,0.230769231,0.055555556,-0.106481481,0.12650463,0.152941176,0.980652233,U Nu
Nu,U,775,7915,1949,1,0.527272727,0.151515152,0.237553719,0.472727273,0.472727273,0.563636364,0.109090909,0.090909091,0.018181818,0.072727273,0.145454545,0.125506073,0.002699055,0.087465784,0.182119205,0.984070801,U Nu
Nu,U,775,8468,1949,2,0.333333333,0.076388889,0.125,0.666666667,0.708333333,0.4375,0.083333333,0.145833333,0.0625,0.0625,0.208333333,0.152542373,-0.028248588,0.126544097,0.169014085,0.978612265,U Nu
Nu,U,775,5181,1949,3,0.481481481,0.148148148,0.255967078,0.518518519,0.740740741,0.555555556,0,0.185185185,0.037037037,0.037037037,0.185185185,0.308270677,0.122807018,0.083905252,0.16875,0.985840989,U Nu
Nu,U,775,19748,1960,2,0.950617284,0.456790123,0.471787837,0.049382716,0.469135802,0.716049383,0.049382716,0.209876543,0,0,0.024691358,0.506134969,0.186605317,0.261026008,0.110504775,0.97115538,U Nu
Olmert,Ehud,666,10597,2006,1,0.532467532,0.25974026,0.149536178,0.467532468,0.38961039,0.480519481,0.142857143,0.142857143,0.103896104,0.077922078,0.051948052,0.357142857,0.178571429,0.07898715,0.234042553,0.981513646,Ehud Olmert
Olmert,Ehud,666,36376,2006,2,0.561461794,0.236987818,0.206154457,0.438538206,0.425249169,0.541528239,0.102990033,0.136212625,0.069767442,0.073089701,0.07641196,0.387797311,0.177180283,0.096302491,0.237381703,0.977139551,Ehud Olmert
Olmert,Ehud,666,20072,2006,3,0.235955056,0.078651685,0.075268274,0.764044944,0.404494382,0.382022472,0.151685393,0.084269663,0.179775281,0.084269663,0.117977528,0.048824593,-0.023508137,0.066656639,0.243502052,0.983768972,Ehud Olmert
Olmert,Ehud,666,18819,2006,4,0.69924812,0.313283208,0.285250721,0.30075188,0.466165414,0.601503759,0.090225564,0.157894737,0.060150376,0.015037594,0.07518797,0.411513859,0.200426439,0.112300817,0.220930233,0.975189354,Ehud Olmert
Olmert,Ehud,666,17157,2007,1,0.632183908,0.264367816,0.318588981,0.367816092,0.344827586,0.632183908,0.068965517,0.114942529,0.103448276,0.022988506,0.057471264,0.480519481,0.27012987,0.120488447,0.184322034,0.977791324,Ehud Olmert
Olmert,Ehud,666,16452,2007,2,0.632653061,0.306122449,0.173844232,0.367346939,0.448979592,0.5,0.153061224,0.163265306,0.051020408,0.071428571,0.06122449,0.340050378,0.13434089,0.095863815,0.197979798,0.981020901,Ehud Olmert
Olmert,Ehud,666,4519,2007,3,0.7,0.283333333,0.256,0.3,0.3,0.55,0.25,0.05,0.05,0,0.1,0.402298851,0.222222222,0.120095125,0.186915888,0.977552313,Ehud Olmert
Olmert,Ehud,666,30843,2007,4,0.548672566,0.258112094,0.194987861,0.451327434,0.451327434,0.526548673,0.084070796,0.163716814,0.101769912,0.061946903,0.061946903,0.319268636,0.151429911,0.085236815,0.241195304,0.97944128,Ehud Olmert
Olmert,Ehud,666,26886,2008,1,0.436363636,0.177272727,0.151719008,0.563636364,0.490909091,0.486363636,0.095454545,0.136363636,0.118181818,0.054545455,0.109090909,0.319465082,0.169886082,0.073460079,0.246360582,0.981902332,Ehud Olmert
Olmert,Ehud,666,43382,2008,2,0.61971831,0.269953052,0.235449316,0.38028169,0.535211268,0.559859155,0.080985915,0.169014085,0.059859155,0.031690141,0.098591549,0.473469388,0.253401361,0.119489379,0.224683544,0.973152703,Ehud Olmert
Olmert,Ehud,666,29725,2008,3,0.543378995,0.296803653,0.156364546,0.456621005,0.602739726,0.465753425,0.086757991,0.219178082,0.132420091,0.01369863,0.082191781,0.561728395,0.348765432,0.151165981,0.252595156,0.961816206,Ehud Olmert
Olmert,Ehud,666,30413,2008,4,0.518518519,0.24691358,0.199074074,0.481481481,0.518518519,0.523148148,0.055555556,0.180555556,0.125,0.037037037,0.078703704,0.426966292,0.225655431,0.100023671,0.232758621,0.976718628,Ehud Olmert
Olmert,Ehud,666,35043,2009,1,0.448979592,0.182539683,0.188615855,0.551020408,0.544217687,0.517006803,0.047619048,0.159863946,0.119047619,0.044217687,0.112244898,0.282107574,0.116721551,0.087676056,0.243983402,0.978608498,Ehud Olmert
Putin ,Vladimir ,365,6896,2000,3,0.631578947,0.219298246,0.316897507,0.368421053,0.421052632,0.631578947,0.078947368,0.105263158,0.026315789,0.052631579,0.105263158,0.409836066,0.218579235,0.077810624,0.171945701,0.986620798,Vladimir  Putin 
Rajapaska ,Mahinda,780,8164,2005,4,0.82,0.51,0.14848,0.18,0.58,0.39,0.25,0.27,0.03,0.04,0.02,0.725663717,0.486725664,0.123987783,0.306748466,0.961966938,Mahinda Rajapaska 
Rajapaska ,Mahinda,780,5422,2006,3,0.757575758,0.303030303,0.455647383,0.242424242,0.242424242,0.727272727,0.060606061,0.090909091,0.060606061,0.03030303,0.03030303,0.527777778,0.275462963,0.162384259,0.186440678,0.969724969,Mahinda Rajapaska 
Ramos,Fidel,840,4918,1994,3,0.583333333,0.381944444,0.194791667,0.416666667,0.875,0.416666667,0,0.375,0.083333333,0.0625,0.0625,0.469026549,0.333333333,0.167170491,0.298136646,0.95016035,Fidel Ramos
Ramos,Fidel,840,4484,1995,3,0.457627119,0.225988701,0.146452169,0.542372881,0.610169492,0.457627119,0.084745763,0.186440678,0.152542373,0,0.118644068,0.452830189,0.29245283,0.147098612,0.357575758,0.947401103,Fidel Ramos
Ramos,Fidel,840,5177,1996,3,0.409090909,0.189393939,0.152066116,0.590909091,0.954545455,0.386363636,0.022727273,0.295454545,0.068181818,0,0.227272727,0.622641509,0.339622642,0.212246351,0.293333333,0.93774107,Fidel Ramos
Ramos,Fidel,840,6382,1997,3,0.428571429,0.198412698,0.182312925,0.571428571,0.571428571,0.5,0.023809524,0.19047619,0.142857143,0.047619048,0.095238095,0.522123894,0.294985251,0.141232673,0.270967742,0.961730502,Fidel Ramos
Sadat,Anwar,651,10393,1970,4,0.407407407,0.189300412,0.179515318,0.592592593,0.518518519,0.49382716,0.049382716,0.160493827,0.185185185,0.012345679,0.098765432,0.251851852,0.120987654,0.111473251,0.230769231,0.974275404,Anwar Sadat
Sadat,Anwar,651,40953,1971,1,0.235457064,0.079409049,0.129969844,0.764542936,0.55401662,0.440443213,0.033240997,0.144044321,0.1966759,0.052631579,0.132963989,0.158432709,0.012776831,0.096483433,0.235179153,0.977309108,Anwar Sadat
Sese Seko,Mobutu,490,4098,1971,1,0.6,0.346666667,0.1744,0.4,0.56,0.48,0.08,0.24,0.12,0.04,0.04,0.325,0.1,0.161125,0.238095238,0.961636905,Mobutu Sese Seko
Sharon,Ariel,666,12404,2004,3,0.563380282,0.204225352,0.275381869,0.436619718,0.464788732,0.598591549,0.063380282,0.11971831,0.077464789,0.028169014,0.112676056,0.475728155,0.269687163,0.122581456,0.314855876,0.961404508,Ariel Sharon
Sharon,Ariel,666,19334,2004,4,0.540983607,0.245901639,0.209674819,0.459016393,0.644808743,0.524590164,0.032786885,0.213114754,0.076502732,0.043715847,0.109289617,0.325536062,0.14619883,0.07558109,0.262931034,0.980127386,Ariel Sharon
Sharon,Ariel,666,9629,2005,1,0.703703704,0.341563786,0.259625057,0.296296296,0.395061728,0.580246914,0.111111111,0.160493827,0.074074074,0.037037037,0.037037037,0.3,0.134722222,0.076166667,0.252336449,0.980780374,Ariel Sharon
Sharon,Ariel,666,13781,2005,2,0.46031746,0.216931217,0.168556311,0.53968254,0.53968254,0.492063492,0.063492063,0.174603175,0.142857143,0.031746032,0.095238095,0.436363636,0.233333333,0.091768595,0.276315789,0.974642888,Ariel Sharon
Sharon,Ariel,666,11486,2005,3,0.643564356,0.297029703,0.251132242,0.356435644,0.376237624,0.574257426,0.118811881,0.128712871,0.108910891,0.00990099,0.059405941,0.352112676,0.1842723,0.085836144,0.262337662,0.977481947,Ariel Sharon
Sharon,Ariel,666,11806,2005,4,0.619047619,0.288888889,0.177142857,0.380952381,0.495238095,0.504761905,0.142857143,0.161904762,0.057142857,0.047619048,0.085714286,0.433566434,0.212121212,0.106058976,0.268542199,0.971518689,Ariel Sharon
Singh,Charan,750,12379,1979,3,0.615384615,0.286324786,0.251282051,0.384615385,0.384615385,0.576923077,0.076923077,0.153846154,0.08974359,0.064102564,0.038461538,0.542635659,0.348837209,0.116098792,0.232142857,0.973048495,Charan Singh
Ulbricht,Walter,265,6618,1969,1,0.92,0.36,0.73888,0.08,0.16,0.88,0,0.08,0.04,0,0,0.276315789,0.122807018,0.11049169,0.141242938,0.984393829,Walter Ulbricht
Vajpayee,Bihary,750,6883,1998,2,0.735849057,0.34591195,0.310501958,0.264150943,0.301886792,0.622641509,0.113207547,0.132075472,0.075471698,0.037735849,0.018867925,0.526011561,0.319845857,0.129138962,0.234513274,0.969715199,Bihary Vajpayee
Vajpayee,Bihary,750,12674,1999,1,0.7,0.32,0.36568,0.3,0.32,0.66,0.06,0.13,0.12,0,0.03,0.553030303,0.299242424,0.139084022,0.274725275,0.961790104,Bihary Vajpayee
Vajpayee,Bihary,750,15478,2000,1,0.546391753,0.216494845,0.354660432,0.453608247,0.371134021,0.649484536,0,0.12371134,0.144329897,0.020618557,0.06185567,0.455445545,0.25990099,0.131908636,0.193612774,0.974460803,Bihary Vajpayee
Vajpayee,Bihary,750,13743,2001,1,0.592592593,0.25,0.213786008,0.407407407,0.666666667,0.527777778,0.083333333,0.185185185,0.055555556,0,0.148148148,0.587837838,0.356981982,0.154620161,0.267326733,0.958665898,Bihary Vajpayee
Zedong,Mao,710,5697,1954,4,0.36,0.2,0.13984,0.64,0.32,0.44,0.12,0.12,0.24,0.04,0.04,0,-0.026819923,0.059611574,0.125628141,0.992511109,Mao Zedong
Zedong,Mao,710,4223,1956,3,0.166666667,-0.083333333,0.175,0.833333333,0.75,0.458333333,0.041666667,0.083333333,0.083333333,0.041666667,0.291666667,0.081481481,0.004938272,0.094386831,0.150943396,0.985752931,Mao Zedong
Zedong,Mao,710,39404,1957,1,0.321212121,0.101010101,0.208198347,0.678787879,0.436363636,0.521212121,0.042424242,0.096969697,0.206060606,0.012121212,0.121212121,0.097236438,0.033094507,0.072813503,0.144483363,0.98947966,Mao Zedong
Zedong,Mao,710,7006,1957,3,0.416666667,0.125,0.229166667,0.583333333,0.666666667,0.541666667,0,0.166666667,0.083333333,0.041666667,0.166666667,0.148648649,0.031531532,0.123338203,0.139534884,0.982790018,Mao Zedong
Zedong,Mao,710,21962,1957,4,0.286956522,0.066666667,0.210586011,0.713043478,0.504347826,0.52173913,0.017391304,0.104347826,0.191304348,0.017391304,0.147826087,0.131782946,0.021317829,0.095213629,0.182250396,0.982647278,Mao Zedong
Zedong,Mao,710,5825,1958,3,0.458333333,0.222222222,0.261458333,0.541666667,0.25,0.5625,0.0625,0.104166667,0.229166667,0.020833333,0.020833333,0.190082645,0.052341598,0.136452428,0.284023669,0.961244281,Mao Zedong
Zedong,Mao,710,5202,1963,1,0.379310345,0.137931034,0.203804994,0.620689655,0.620689655,0.517241379,0,0.172413793,0.137931034,0.034482759,0.137931034,-0.315436242,-0.310961969,0.137011846,0.162921348,0.977677845,Mao Zedong
Zedong,Mao,710,4239,1964,1,0.181818182,0.03030303,0.221487603,0.818181818,0.454545455,0.5,0,0.090909091,0.272727273,0,0.136363636,-0.050505051,-0.148148148,0.131925314,0.181818182,0.976013579,Mao Zedong
Zedong,Mao,710,7994,1965,1,-0.058823529,-0.098039216,0.082814302,0.941176471,0.470588235,0.352941176,0.039215686,0.078431373,0.254901961,0.117647059,0.156862745,0.150537634,0.017921147,0.0960111,0.215189873,0.979339384,Mao Zedong
Zedong,Mao,710,5065,1968,4,-0.217391304,-0.289855072,0.106238185,0.782608696,0.782608696,0.304347826,0.043478261,0.043478261,0.173913043,0.086956522,0.347826087,-0.052631579,-0.152882206,0.116603539,0.147435897,0.982808453,Mao Zedong
