lastname,firstname,Ccode,Word Count,year,i1,i2,i3,i4a,i4b,i5ap,i5pr,i5re,i5op,i5th,i5pu,p1,p2,p3,p4,p5,name
Asquith,Herbert,200,76515,1908,0.651162791,0.3,0.294485668,0.348837209,0.548837209,0.6,0.027906977,0.197674419,0.076744186,0.020930233,0.076744186,0.48818366,0.263110511,0.157836033,0.225013082,0.964484828,Herbert Asquith
Asquith,Herbert,200,111556,1909,0.597402597,0.229978355,0.332083825,0.402597403,0.409090909,0.641233766,0.032467532,0.125,0.090909091,0.030844156,0.079545455,0.386679444,0.192940425,0.126912511,0.227894932,0.971077282,Herbert Asquith
Asquith,Herbert,200,93148,1910,0.6015625,0.253255208,0.282510376,0.3984375,0.4765625,0.599609375,0.052734375,0.1484375,0.09765625,0.01171875,0.08984375,0.4164859,0.189081706,0.150004,0.217317487,0.967401508,Herbert Asquith
Asquith,Herbert,200,125057,1911,0.615384615,0.294070513,0.242424418,0.384615385,0.545673077,0.558894231,0.055288462,0.193509615,0.096153846,0.016826923,0.079326923,0.396258503,0.179138322,0.150135794,0.261306533,0.960768536,Herbert Asquith
Asquith,Herbert,200,135115,1912,0.615555556,0.286666667,0.278681481,0.384444444,0.515555556,0.588888889,0.034444444,0.184444444,0.106666667,0.012222222,0.073333333,0.494584838,0.231314347,0.172149407,0.265251989,0.954337027,Herbert Asquith
Asquith,Herbert,200,107552,1913,0.600547196,0.257637939,0.289711637,0.399452804,0.467852257,0.604651163,0.041039672,0.154582763,0.10123119,0.019151847,0.079343365,0.41535333,0.198610405,0.154997365,0.270941438,0.958004791,Herbert Asquith
Asquith,Herbert,200,105697,1914,0.565934066,0.248626374,0.251870245,0.434065934,0.480769231,0.574175824,0.048076923,0.160714286,0.107142857,0.03021978,0.07967033,0.473096447,0.214551607,0.171248937,0.269829503,0.953791984,Herbert Asquith
Asquith,Herbert,200,78441,1915,0.559670782,0.234567901,0.254839201,0.440329218,0.526748971,0.574074074,0.047325103,0.158436214,0.104938272,0.010288066,0.104938272,0.419618529,0.187102634,0.148877043,0.248720573,0.962971217,Herbert Asquith
Asquith,Herbert,200,119174,1916,0.662145499,0.284011508,0.324423578,0.337854501,0.468557337,0.631319359,0.038224414,0.161528977,0.0702836,0.025893958,0.072749692,0.423580786,0.191848617,0.140565588,0.261528539,0.963238087,Herbert Asquith
Attlee,Clement,200,42731,1945,0.583333333,0.276041667,0.273046875,0.416666667,0.552083333,0.578125,0.015625,0.197916667,0.119791667,0.010416667,0.078125,0.407319953,0.210547029,0.11960848,0.18479307,0.977897182,Clement Attlee
Attlee,Clement,200,85303,1946,0.6015625,0.272786458,0.296847534,0.3984375,0.453125,0.60546875,0.03515625,0.16015625,0.126953125,0.005859375,0.06640625,0.356308411,0.190031153,0.112968109,0.230215827,0.973992953,Clement Attlee
Attlee,Clement,200,91088,1947,0.593220339,0.261299435,0.307138753,0.406779661,0.415254237,0.616525424,0.031779661,0.148305085,0.125,0.019067797,0.059322034,0.471846847,0.246996997,0.139940194,0.209964413,0.970617539,Clement Attlee
Attlee,Clement,200,40589,1948,0.627906977,0.289922481,0.283141157,0.372093023,0.48372093,0.595348837,0.046511628,0.172093023,0.106976744,0.009302326,0.069767442,0.437582129,0.203241349,0.156213641,0.220286885,0.965588184,Clement Attlee
Attlee,Clement,200,39658,1949,0.48603352,0.230912477,0.182722137,0.51396648,0.625698324,0.497206704,0.044692737,0.201117318,0.12849162,0.016759777,0.111731844,0.303155007,0.11659808,0.115058116,0.197136564,0.977317838,Clement Attlee
Attlee,Clement,200,69930,1950,0.622739018,0.272179156,0.325537327,0.377260982,0.45994832,0.627906977,0.025839793,0.157622739,0.11369509,0.002583979,0.072351421,0.433789954,0.21029934,0.141829125,0.227513228,0.967731998,Clement Attlee
Attlee,Clement,200,29259,1951,0.668393782,0.286701209,0.337968805,0.331606218,0.414507772,0.642487047,0.051813472,0.139896373,0.093264249,0.005181347,0.067357513,0.381481481,0.17345679,0.114493827,0.263301501,0.969853603,Clement Attlee
Baldwin,Stanley,200,18406,1923,0.54,0.24,0.26968,0.46,0.62,0.57,0,0.2,0.12,0,0.11,0.421828909,0.200589971,0.130373039,0.227790433,0.970302269,Stanley Baldwin
Baldwin,Stanley,200,7256,1924,0.547169811,0.251572327,0.281452474,0.452830189,0.528301887,0.58490566,0,0.188679245,0.132075472,0.018867925,0.075471698,0.527559055,0.249343832,0.205555211,0.294444444,0.93947541,Stanley Baldwin
Baldwin,Stanley,200,57895,1925,0.637305699,0.278929188,0.283411635,0.362694301,0.595854922,0.590673575,0.03626943,0.191709845,0.067357513,0.007772021,0.106217617,0.45,0.213782051,0.148721154,0.270687237,0.959743082,Stanley Baldwin
Baldwin,Stanley,200,75589,1926,0.661016949,0.294592413,0.346310291,0.338983051,0.474576271,0.641646489,0.016949153,0.171912833,0.0968523,0.007263923,0.065375303,0.336971351,0.121191451,0.141345905,0.219797765,0.968932486,Stanley Baldwin
Baldwin,Stanley,200,51344,1927,0.70212766,0.365248227,0.279583522,0.29787234,0.659574468,0.567375887,0.024822695,0.258865248,0.070921986,0.007092199,0.070921986,0.301801802,0.129129129,0.111748235,0.241025641,0.97306581,Stanley Baldwin
Baldwin,Stanley,200,54691,1928,0.685897436,0.310897436,0.315162722,0.314102564,0.480769231,0.621794872,0.044871795,0.176282051,0.070512821,0.022435897,0.064102564,0.459854015,0.232881474,0.145608967,0.245476003,0.964256493,Stanley Baldwin
Baldwin,Stanley,200,7433,1929,0.692307692,0.358974359,0.30729783,0.307692308,0.615384615,0.58974359,0,0.256410256,0.076923077,0.025641026,0.051282051,0.426356589,0.19379845,0.164088697,0.232142857,0.961907981,Stanley Baldwin
Baldwin,Stanley,200,40356,1935,0.694656489,0.323155216,0.319060661,0.305343511,0.488549618,0.622137405,0.038167939,0.187022901,0.072519084,0.022900763,0.057251908,0.460218409,0.248569943,0.143302319,0.290143965,0.958421697,Stanley Baldwin
Baldwin,Stanley,200,80419,1936,0.627722772,0.306270627,0.256383492,0.372277228,0.621782178,0.56039604,0.02970297,0.223762376,0.087128713,0.011881188,0.087128713,0.44911032,0.217556346,0.149855144,0.264397906,0.960378614,Stanley Baldwin
Baldwin,Stanley,200,32659,1937,0.6492891,0.298578199,0.300932144,0.3507109,0.521327014,0.606635071,0.028436019,0.18957346,0.085308057,0.018957346,0.071090047,0.445920304,0.20683112,0.148136493,0.285907859,0.957646613,Stanley Baldwin
Blair,Tony,200,93497,1997,0.566241413,0.239450442,0.228575804,0.433758587,0.494602552,0.55642787,0.079489696,0.14720314,0.095191364,0.021589794,0.100098135,0.418322831,0.200517046,0.111232812,0.330629461,0.963223155,Tony Blair
Blair,Tony,200,153554,1998,0.551654288,0.241503489,0.221328728,0.448345712,0.49966239,0.547602971,0.074949359,0.153274814,0.112086428,0.015530047,0.096556381,0.348991575,0.161943664,0.104662284,0.274360874,0.971284764,Tony Blair
Blair,Tony,200,145233,1999,0.53634277,0.24662076,0.202710612,0.46365723,0.628921194,0.519510329,0.047436878,0.201224178,0.098699311,0.019892884,0.113236419,0.302458548,0.126072041,0.096504839,0.272008325,0.97374988,Tony Blair
Blair,Tony,200,141072,2000,0.612076853,0.286672766,0.221500541,0.387923147,0.552607502,0.543458371,0.075937786,0.186642269,0.082342177,0.021957914,0.089661482,0.363636364,0.171336654,0.103573151,0.253890825,0.973703727,Tony Blair
Blair,Tony,200,117419,2001,0.610499577,0.28422241,0.244111357,0.389500423,0.509737511,0.564775614,0.062658764,0.177815411,0.095681626,0.022015241,0.077053345,0.370752195,0.176275932,0.104496308,0.310789474,0.967523647,Tony Blair
Blair,Tony,200,161163,2002,0.607378129,0.266359245,0.271439954,0.392621871,0.486166008,0.589591568,0.054677207,0.15942029,0.098155468,0.014492754,0.083662714,0.326441785,0.143543707,0.109484395,0.2922603,0.968002058,Tony Blair
Blair,Tony,200,162208,2003,0.603140614,0.258624792,0.263048266,0.396859386,0.458244111,0.586009993,0.070663812,0.144896502,0.094932191,0.019271949,0.084225553,0.348923731,0.154840996,0.114277181,0.271301317,0.96899645,Tony Blair
Blair,Tony,200,124613,2004,0.564144737,0.229714912,0.26750184,0.435855263,0.430921053,0.590460526,0.064144737,0.127467105,0.111842105,0.018092105,0.087993421,0.331468531,0.138461538,0.120995452,0.298331698,0.963903221,Tony Blair
Blair,Tony,200,13024,2005,0.357142857,0.182539683,0.118027211,0.642857143,0.80952381,0.392857143,0.047619048,0.238095238,0.154761905,0,0.166666667,0.43373494,0.246987952,0.12652054,0.201923077,0.974452583,Tony Blair
Blair,Tony,200,6665,2006,0.6,0.314285714,0.141877551,0.4,0.571428571,0.457142857,0.142857143,0.2,0.085714286,0.028571429,0.085714286,0.409638554,0.236947791,0.087850196,0.174129353,0.984702702,Tony Blair
Callaghan,James,200,103753,1976,0.700223714,0.292692021,0.376538594,0.299776286,0.418344519,0.670022371,0.03803132,0.142058166,0.072706935,0.010067114,0.067114094,0.421284944,0.21088769,0.122331216,0.304807364,0.962712544,James Callaghan
Callaghan,James,200,117258,1977,0.697297297,0.330630631,0.322954955,0.302702703,0.468468468,0.624324324,0.041441441,0.182882883,0.09009009,0.00990991,0.051351351,0.445471349,0.226432532,0.139152183,0.33903482,0.952822565,James Callaghan
Callaghan,James,200,137667,1978,0.630084421,0.266308519,0.333404877,0.369915579,0.405218726,0.639293937,0.037605526,0.138142748,0.10437452,0.016116654,0.064466616,0.436728395,0.218235597,0.135867484,0.334531451,0.954548053,James Callaghan
Callaghan,James,200,59188,1979,0.68,0.310666667,0.355936,0.32,0.384,0.652,0.034,0.154,0.108,0.014,0.038,0.344992051,0.174880763,0.104247032,0.284414107,0.970350673,James Callaghan
Campbell,Henry,200,56705,1906,0.601286174,0.287245445,0.253779427,0.398713826,0.495176849,0.569131833,0.054662379,0.176848875,0.122186495,0.006430868,0.07073955,0.413357401,0.193441637,0.145458041,0.219168428,0.96812019,Henry Campbell
Campbell,Henry,200,52785,1907,0.679012346,0.298353909,0.313763146,0.320987654,0.50617284,0.62037037,0.049382716,0.169753086,0.070987654,0.00617284,0.083333333,0.457114026,0.247225025,0.135008212,0.246387833,0.966735619,Henry Campbell
Cecil,Robert,200,16047,1885,0.431818182,0.151515152,0.297727273,0.568181818,0.386363636,0.602272727,0.011363636,0.102272727,0.181818182,0.011363636,0.090909091,0.345454545,0.161616162,0.104484848,0.210526316,0.97800319,Robert Cecil
Cecil,Robert,200,13508,1886,0.642857143,0.337301587,0.267687075,0.357142857,0.5,0.571428571,0.035714286,0.214285714,0.119047619,0.023809524,0.035714286,0.261410788,0.10373444,0.087990909,0.258461538,0.977257734,Robert Cecil
Cecil,Robert,200,21971,1887,0.582733813,0.263788969,0.268485068,0.417266187,0.503597122,0.582733813,0.035971223,0.172661871,0.115107914,0.014388489,0.079136691,0.294871795,0.117521368,0.107254,0.228995058,0.975439364,Robert Cecil
Cecil,Robert,200,46594,1888,0.398601399,0.15967366,0.219521737,0.601398601,0.440559441,0.534965035,0.041958042,0.122377622,0.192307692,0.01048951,0.097902098,0.19509476,0.063173541,0.097558193,0.241758242,0.976414503,Robert Cecil
Cecil,Robert,200,29436,1889,0.466666667,0.176068376,0.252512821,0.533333333,0.441025641,0.574358974,0.035897436,0.123076923,0.143589744,0.025641026,0.097435897,0.16460177,0.035988201,0.0917779,0.256578947,0.976451723,Robert Cecil
Cecil,Robert,200,35869,1891,0.575,0.248611111,0.319333333,0.425,0.466666667,0.620833333,0.004166667,0.1625,0.125,0.016666667,0.070833333,0.288515406,0.131185808,0.09434362,0.251572327,0.976265756,Robert Cecil
Cecil,Robert,200,22571,1896,0.483443709,0.158940397,0.287504934,0.516556291,0.38410596,0.609271523,0.033112583,0.099337748,0.112582781,0.052980132,0.092715232,0.228571429,0.060544218,0.115688463,0.235569423,0.972747336,Robert Cecil
Cecil,Robert,200,21793,1898,0.413533835,0.140350877,0.247125332,0.586466165,0.37593985,0.571428571,0.037593985,0.097744361,0.157894737,0.045112782,0.090225564,0.341067285,0.156225831,0.117640409,0.235815603,0.972258556,Robert Cecil
Cecil,Robert,200,24044,1900,0.29281768,0.106813996,0.194969629,0.70718232,0.464088398,0.497237569,0.033149171,0.116022099,0.232044199,0.005524862,0.116022099,0.262729124,0.092328581,0.11531477,0.269345238,0.968940516,Robert Cecil
Cecil,Robert,200,23711,1901,0.244094488,0.097112861,0.123268647,0.755905512,0.551181102,0.417322835,0.070866142,0.133858268,0.228346457,0.007874016,0.141732283,0.215932914,0.060796646,0.097071582,0.210264901,0.979589253,Robert Cecil
Cecil,Robert,200,13509,1902,0.4,0.163333333,0.19888,0.6,0.62,0.51,0.01,0.18,0.15,0.02,0.13,0.333333333,0.137777778,0.1252,0.25,0.9687,Robert Cecil
Chamberlain,Neville,200,37600,1937,0.595505618,0.290262172,0.259638934,0.404494382,0.550561798,0.56741573,0.028089888,0.202247191,0.117977528,0.011235955,0.073033708,0.474285714,0.27047619,0.127193469,0.202733485,0.974213625,Neville Chamberlain
Chamberlain,Neville,200,165217,1938,0.54618016,0.258076777,0.225831818,0.45381984,0.563283922,0.541619156,0.03990878,0.191562144,0.122006842,0.014823261,0.090079818,0.423678772,0.1928944,0.142241933,0.205675422,0.97074433,Neville Chamberlain
Chamberlain,Neville,200,163240,1939,0.598130841,0.291277259,0.243639182,0.401869159,0.630841121,0.549065421,0.02453271,0.22546729,0.091121495,0.019859813,0.089953271,0.358614512,0.169602867,0.106381506,0.203567182,0.978344217,Neville Chamberlain
Chamberlain,Neville,200,50065,1940,0.442508711,0.199767712,0.158023043,0.557491289,0.710801394,0.466898955,0.041811847,0.212543554,0.111498258,0.024390244,0.142857143,0.284013605,0.10175737,0.104397473,0.196172249,0.979520113,Neville Chamberlain
Churchill,Winston,200,27616,1951,0.647058824,0.282352941,0.294615917,0.352941176,0.517647059,0.605882353,0.047058824,0.170588235,0.076470588,0.011764706,0.088235294,0.379876797,0.171115674,0.128014201,0.258751903,0.966876082,Winston Churchill
Churchill,Winston,200,91955,1952,0.561694291,0.262124002,0.212616627,0.438305709,0.5893186,0.532228361,0.047882136,0.200736648,0.08839779,0.036832413,0.093922652,0.36806342,0.165911665,0.126478634,0.235166739,0.970256432,Winston Churchill
Churchill,Winston,200,55955,1953,0.584352078,0.248573757,0.290778989,0.415647922,0.479217604,0.60391198,0.031784841,0.156479218,0.107579462,0.017114914,0.083129584,0.403065825,0.194770063,0.139309901,0.269433465,0.962465251,Winston Churchill
Churchill,Winston,200,60050,1954,0.625,0.28125,0.252479339,0.375,0.539772727,0.571022727,0.065340909,0.176136364,0.082386364,0.011363636,0.09375,0.318815331,0.117886179,0.128698297,0.234666667,0.9697988,Winston Churchill
Churchill,Winston,200,17119,1955,0.5,0.261904762,0.205782313,0.5,0.571428571,0.511904762,0.023809524,0.214285714,0.154761905,0.023809524,0.071428571,0.294832827,0.159067882,0.10093957,0.203389831,0.979469918,Winston Churchill
Disraeli,Benjamin,200,79939,1868,0.52310536,0.216882317,0.25880532,0.47689464,0.436229205,0.580406654,0.046210721,0.134935305,0.133086876,0.022181146,0.083179298,0.342482845,0.145352464,0.144702248,0.25233209,0.963486979,Benjamin Disraeli
Disraeli,Benjamin,200,54620,1874,0.563218391,0.225095785,0.284799841,0.436781609,0.442528736,0.603448276,0.045977011,0.132183908,0.109195402,0.020114943,0.08908046,0.377855888,0.166666667,0.133030847,0.234185734,0.968846074,Benjamin Disraeli
Disraeli,Benjamin,200,78598,1875,0.494600432,0.213822894,0.259676539,0.505399568,0.367170626,0.576673866,0.049676026,0.120950324,0.17062635,0.019438445,0.062634989,0.377967133,0.172854534,0.141157177,0.219848053,0.968966869,Benjamin Disraeli
Disraeli,Benjamin,200,85142,1876,0.50877193,0.215724496,0.23010385,0.49122807,0.506822612,0.553606238,0.044834308,0.155945419,0.124756335,0.023391813,0.097465887,0.367149758,0.163647343,0.13352412,0.236514523,0.968419607,Benjamin Disraeli
Douglas-Home,Alec,200,24313,1963,0.6375,0.254166667,0.3386875,0.3625,0.4375,0.64375,0.04375,0.13125,0.0875,0.00625,0.0875,0.408207343,0.177105832,0.161457114,0.25682183,0.958534289,Alec Douglas-Home
Douglas-Home,Alec,200,61537,1964,0.641860465,0.312403101,0.265085992,0.358139535,0.576744186,0.572093023,0.034883721,0.213953488,0.086046512,0.018604651,0.074418605,0.478655767,0.231607629,0.172157093,0.280862182,0.951647583,Alec Douglas-Home
Eden,Anthony,200,63307,1955,0.631236443,0.28054953,0.313351622,0.368763557,0.455531453,0.620390456,0.034707158,0.160520607,0.106290672,0.010845987,0.067245119,0.543156059,0.272595176,0.196040161,0.286691542,0.943796944,Anthony Eden
Eden,Anthony,200,94970,1956,0.595567867,0.252539243,0.283527597,0.404432133,0.501385042,0.59833795,0.040166205,0.159279778,0.096952909,0.013850416,0.091412742,0.427792916,0.180744777,0.163108851,0.282362143,0.953944235,Anthony Eden
George,David,200,10714,1916,0.442622951,0.218579235,0.162160709,0.557377049,0.950819672,0.393442623,0.016393443,0.31147541,0.06557377,0,0.213114754,0.245762712,0.105932203,0.09112324,0.205387205,0.981284452,David George
George,David,200,40017,1917,0.443946188,0.162929746,0.206724447,0.556053812,0.466367713,0.538116592,0.062780269,0.121076233,0.130044843,0.035874439,0.112107623,0.204938272,0.052263374,0.096314586,0.215876089,0.979207984,David George
George,David,200,64083,1918,0.508532423,0.180887372,0.223967664,0.491467577,0.505119454,0.552901024,0.081911263,0.119453925,0.092150171,0.020477816,0.133105802,0.219827586,0.062978927,0.111828676,0.17388724,0.98055442,David George
George,David,200,85912,1919,0.612765957,0.253191489,0.289843368,0.387234043,0.540425532,0.60212766,0.038297872,0.165957447,0.074468085,0.014893617,0.104255319,0.255449972,0.091298677,0.107700028,0.208056662,0.977592292,David George
George,David,200,125082,1920,0.59025788,0.245463228,0.28511917,0.40974212,0.518624642,0.598853868,0.035816619,0.160458453,0.093123209,0.012893983,0.098853868,0.351206434,0.162772884,0.112884607,0.210939861,0.976188137,David George
George,David,200,54995,1921,0.581920904,0.263653484,0.249525998,0.418079096,0.519774011,0.56779661,0.050847458,0.172316384,0.110169492,0.011299435,0.087570621,0.376884422,0.162479062,0.126915987,0.228682171,0.970976577,David George
George,David,200,80531,1922,0.591397849,0.263799283,0.24579674,0.408602151,0.537634409,0.565591398,0.055913978,0.174193548,0.094623656,0.015053763,0.094623656,0.380298507,0.172736318,0.135543203,0.21728972,0.970547855,David George
Gladstone,William,200,21295,1835,0.38,0.146666667,0.25528,0.62,0.36,0.56,0.03,0.1,0.22,0.01,0.08,0.299180328,0.146174863,0.106822763,0.170068027,0.981832863,William Gladstone
Gladstone,William,200,16072,1836,0.794117647,0.343137255,0.502249135,0.205882353,0.264705882,0.75,0.029411765,0.117647059,0.088235294,0,0.014705882,0.310160428,0.113190731,0.134719323,0.153846154,0.97927395,William Gladstone
Gladstone,William,200,20418,1837,0.450549451,0.21978022,0.228788794,0.549450549,0.417582418,0.538461538,0.032967033,0.153846154,0.197802198,0.021978022,0.054945055,0.328888889,0.114814815,0.153339259,0.168207024,0.97420726,William Gladstone
Gladstone,William,200,6262,1838,0.375,0.09375,0.25,0.625,0.5,0.5625,0.03125,0.09375,0.15625,0,0.15625,0.32231405,0.137741047,0.162516222,0.209150327,0.966009679,William Gladstone
Gladstone,William,200,28491,1839,0.401273885,0.142250531,0.241413445,0.598726115,0.47133758,0.560509554,0.006369427,0.133757962,0.152866242,0.044585987,0.101910828,0.235099338,0.08388521,0.115637472,0.20630749,0.976143123,William Gladstone
Gladstone,William,200,7700,1840,0.04,-0.04,0.12832,0.96,0.48,0.4,0.04,0.08,0.28,0.04,0.16,0.526011561,0.258188825,0.180540613,0.126262626,0.977204468,William Gladstone
Gladstone,William,200,4903,1841,0.454545455,0.242424242,0.132231405,0.545454545,0.454545455,0.454545455,0.090909091,0.181818182,0.136363636,0.090909091,0.045454545,0.319587629,0.151202749,0.12993942,0.18487395,0.975977586,William Gladstone
Gladstone,William,200,108355,1893,0.52193646,0.228441755,0.244176407,0.47806354,0.532526475,0.561270802,0.027231467,0.172465961,0.124054463,0.02118003,0.093797277,0.383833249,0.173868836,0.131522071,0.25152207,0.966919296,William Gladstone
Heath,Edward,200,41744,1970,0.546925566,0.266450917,0.221616866,0.453074434,0.556634304,0.537216828,0.035598706,0.200647249,0.1197411,0.029126214,0.077669903,0.430363864,0.21873693,0.127121939,0.279385172,0.964484015,Edward Heath
Heath,Edward,200,117328,1971,0.565552699,0.270779777,0.226495992,0.434447301,0.616966581,0.537275064,0.035989717,0.209511568,0.107969152,0.010282776,0.098971722,0.457611668,0.235034944,0.14068168,0.261776581,0.963172831,Edward Heath
Heath,Edward,200,138402,1972,0.638273046,0.302994944,0.304572543,0.361726954,0.464410735,0.609101517,0.031505251,0.178529755,0.116686114,0.01050175,0.053675613,0.459918478,0.239243659,0.148165669,0.225466982,0.966593534,Edward Heath
Heath,Edward,200,140198,1973,0.692946058,0.347856155,0.290342797,0.307053942,0.564315353,0.589211618,0.03526971,0.221991701,0.085062241,0.008298755,0.060165975,0.482336481,0.24437449,0.161646126,0.252157991,0.959239638,Edward Heath
Heath,Edward,200,25871,1974,0.812206573,0.356807512,0.447358328,0.187793427,0.403755869,0.713615023,0.03286385,0.159624413,0.042253521,0.009389671,0.042253521,0.551088777,0.243997767,0.211319579,0.262962963,0.944430777,Edward Heath
Law,Bonar,200,30032,1922,0.523809524,0.223665224,0.252937539,0.476190476,0.493506494,0.571428571,0.034632035,0.155844156,0.12987013,0.017316017,0.090909091,0.507142857,0.2375,0.180028061,0.292035398,0.947425433,Bonar Law
Law,Bonar,200,7116,1923,0.906976744,0.527131783,0.353596539,0.093023256,0.744186047,0.581395349,0.023255814,0.348837209,0.023255814,0,0.023255814,0.508474576,0.271186441,0.141108877,0.267080745,0.962312536,Bonar Law
MacDonald,Ramsay,200,4681,1831,0.777777778,0.314814815,0.548148148,0.222222222,0.111111111,0.777777778,0.055555556,0.055555556,0.111111111,0,0,0.245614035,0.093567251,0.127239151,0.136363636,0.982649207,Ramsay MacDonald
MacDonald,Ramsay,200,101975,1924,0.577380952,0.227678571,0.295684524,0.422619048,0.494047619,0.610119048,0.02827381,0.150297619,0.084821429,0.029761905,0.09672619,0.39444995,0.17855963,0.13575521,0.249814126,0.966086431,Ramsay MacDonald
MacDonald,Ramsay,200,20801,1929,0.515625,0.197916667,0.26171875,0.484375,0.453125,0.5859375,0.0390625,0.1328125,0.109375,0.0390625,0.09375,0.404145078,0.220207254,0.139568847,0.249027237,0.965243555,Ramsay MacDonald
MacDonald,Ramsay,200,75722,1930,0.618604651,0.31627907,0.220707409,0.381395349,0.586046512,0.53255814,0.058139535,0.218604651,0.1,0.01627907,0.074418605,0.475247525,0.247996228,0.138265756,0.23318872,0.967757985,Ramsay MacDonald
MacDonald,Ramsay,200,99948,1931,0.604651163,0.255260244,0.276988113,0.395348837,0.485049834,0.596345515,0.048172757,0.157807309,0.079734219,0.033222591,0.084717608,0.432072456,0.216835376,0.133661016,0.242839855,0.967541778,Ramsay MacDonald
MacDonald,Ramsay,200,34123,1932,0.540669856,0.266347687,0.228863808,0.459330144,0.4784689,0.545454545,0.04784689,0.177033493,0.148325359,0.019138756,0.062200957,0.375394322,0.186645636,0.109078606,0.247924081,0.972956787,Ramsay MacDonald
MacDonald,Ramsay,200,42454,1933,0.661016949,0.271186441,0.38060902,0.338983051,0.381355932,0.673728814,0.021186441,0.13559322,0.084745763,0.029661017,0.055084746,0.422835634,0.207444584,0.133862398,0.228460794,0.96941769,Ramsay MacDonald
MacDonald,Ramsay,200,40270,1934,0.705583756,0.351945854,0.27540519,0.294416244,0.517766497,0.583756345,0.065989848,0.203045685,0.081218274,0.010152284,0.055837563,0.519781719,0.262846749,0.169260491,0.211827957,0.964145896,Ramsay MacDonald
MacDonald,Ramsay,200,16520,1935,0.544303797,0.265822785,0.191668002,0.455696203,0.632911392,0.506329114,0.050632911,0.215189873,0.101265823,0.025316456,0.101265823,0.526011561,0.256262042,0.156363393,0.185882353,0.970934805,Ramsay MacDonald
MacMillan,Harold,200,127948,1957,0.560723514,0.24332472,0.258317809,0.439276486,0.550387597,0.573643411,0.029715762,0.177002584,0.103359173,0.018087855,0.098191214,0.443868739,0.21099597,0.152585304,0.250485437,0.961779603,Harold MacMillan
MacMillan,Harold,200,94604,1958,0.62797619,0.256944444,0.35760523,0.37202381,0.398809524,0.65625,0.025297619,0.132440476,0.105654762,0.013392857,0.066964286,0.461145774,0.225940631,0.158383215,0.275975359,0.956290135,Harold MacMillan
MacMillan,Harold,200,81211,1959,0.64173913,0.288115942,0.295581399,0.35826087,0.570434783,0.6,0.027826087,0.193043478,0.08,0.006956522,0.092173913,0.447368421,0.182594645,0.174413563,0.284794453,0.950327985,Harold MacMillan
MacMillan,Harold,200,69224,1960,0.612546125,0.290282903,0.262787816,0.387453875,0.549815498,0.573800738,0.035055351,0.197416974,0.099630996,0.016605166,0.077490775,0.478114478,0.228395062,0.180607421,0.313294798,0.943416635,Harold MacMillan
MacMillan,Harold,200,100636,1961,0.606276748,0.251545411,0.32390858,0.393723252,0.447931526,0.630527817,0.025677603,0.146932953,0.102710414,0.017118402,0.07703281,0.44324016,0.199277429,0.172931807,0.285656072,0.950600979,Harold MacMillan
MacMillan,Harold,200,101237,1962,0.630057803,0.286608863,0.286426209,0.369942197,0.554913295,0.593930636,0.027456647,0.193641618,0.083815029,0.01734104,0.083815029,0.429709732,0.218364637,0.150112616,0.282564312,0.957583532,Harold MacMillan
MacMillan,Harold,200,93625,1963,0.558303887,0.241460542,0.256130055,0.441696113,0.561837456,0.570671378,0.03180212,0.176678445,0.106007067,0.010600707,0.104240283,0.339589443,0.172434018,0.113786775,0.249229414,0.971640989,Harold MacMillan
Major,John,200,9177,1990,0.854545455,0.548484848,0.262347107,0.145454545,0.8,0.481818182,0.063636364,0.381818182,0.054545455,0,0.018181818,0.46961326,0.285451197,0.100613534,0.378006873,0.961967393,John Major
Major,John,200,119150,1991,0.726568006,0.439276486,0.233271205,0.273431994,0.762508809,0.49119098,0.040169133,0.33192389,0.07329105,0.014094433,0.049330514,0.340318199,0.152373561,0.102220186,0.355105105,0.96370109,John Major
Major,John,200,102860,1992,0.65890028,0.38583411,0.212722688,0.34109972,0.764212488,0.483690587,0.036346692,0.309412861,0.08667288,0.011183597,0.072693383,0.487908962,0.246562352,0.150566124,0.337209302,0.949227703,John Major
Major,John,200,110976,1993,0.721539722,0.427245427,0.234740123,0.278460278,0.751842752,0.4995905,0.041769042,0.319410319,0.075348075,0.007371007,0.056511057,0.323577236,0.144444444,0.101901249,0.331703341,0.966199015,John Major
Major,John,200,97887,1994,0.714563107,0.429773463,0.237734754,0.285436893,0.745631068,0.499029126,0.033980583,0.324271845,0.083495146,0.010679612,0.048543689,0.43831013,0.215394463,0.13111361,0.330870543,0.956618369,John Major
Major,John,200,124408,1995,0.720893142,0.423444976,0.235721099,0.279106858,0.725677831,0.505582137,0.042264753,0.312599681,0.071770335,0.01754386,0.050239234,0.368297456,0.165427267,0.125993421,0.329220268,0.958520412,John Major
Major,John,200,126772,1996,0.720965309,0.41025641,0.236663186,0.279034691,0.698340875,0.5173454,0.052036199,0.291101056,0.073152338,0.008295626,0.058069382,0.388127854,0.177701674,0.135043056,0.335356601,0.95471242,John Major
Major,John,200,26494,1997,0.788321168,0.486618005,0.248026,0.211678832,0.773722628,0.49270073,0.051094891,0.350364964,0.062043796,0.00729927,0.03649635,0.325657895,0.1875,0.09269607,0.310657596,0.971203262,John Major
Russell,John,200,8966,1846,0.707317073,0.268292683,0.423200476,0.292682927,0.243902439,0.707317073,0.073170732,0.073170732,0.073170732,0.024390244,0.048780488,0.568075117,0.27856025,0.196614428,0.161417323,0.968263025,John Russell
Russell,John,200,63982,1847,0.455782313,0.178004535,0.26927669,0.544217687,0.37414966,0.585034014,0.030612245,0.112244898,0.170068027,0.027210884,0.074829932,0.316761364,0.130445076,0.138452754,0.172737955,0.976083954,John Russell
Russell,John,200,103237,1848,0.458515284,0.192139738,0.213470376,0.541484716,0.480349345,0.537117904,0.050218341,0.141921397,0.152838428,0.019650655,0.098253275,0.247144815,0.103091214,0.107017291,0.173026067,0.981483219,John Russell
Russell,John,200,99240,1849,0.446700508,0.184433164,0.22501997,0.553299492,0.507614213,0.543147208,0.030456853,0.149746193,0.157360406,0.015228426,0.104060914,0.263913824,0.11235787,0.115892557,0.150266972,0.982585176,John Russell
Russell,John,200,92024,1850,0.396135266,0.165056361,0.20658125,0.603864734,0.429951691,0.528985507,0.033816425,0.1352657,0.176328502,0.04589372,0.079710145,0.323828921,0.155974202,0.126337621,0.174095879,0.978005141,John Russell
Russell,John,200,118213,1851,0.448979592,0.171428571,0.232769679,0.551020408,0.448979592,0.557142857,0.042857143,0.124489796,0.148979592,0.026530612,0.1,0.246364769,0.066888243,0.130451845,0.16914049,0.977935311,John Russell
Russell,John,200,30841,1852,0.338235294,0.151960784,0.164749135,0.661764706,0.602941176,0.470588235,0.014705882,0.183823529,0.183823529,0.029411765,0.117647059,0.282442748,0.133333333,0.091101917,0.17193426,0.984336459,John Russell
Steel,David,200,6397,1977,0.323529412,0.117647059,0.231314879,0.676470588,0.323529412,0.529411765,0.058823529,0.073529412,0.25,0,0.088235294,0.358974359,0.123931624,0.16765286,0.303571429,0.949105382,David Steel
Steel,David,200,5945,1979,0.071428571,-0.047619048,0.142857143,0.928571429,0.5,0.428571429,0.035714286,0.071428571,0.25,0.035714286,0.178571429,0.251612903,0.096774194,0.118718002,0.153005464,0.981835497,David Steel
Steel,David,200,5426,1980,0.351351351,0.009009009,0.256683711,0.648648649,0.540540541,0.567567568,0.054054054,0.054054054,0.054054054,0.054054054,0.216216216,0.223684211,0.057017544,0.105090028,0.195767196,0.97942682,David Steel
Steel,David,200,5911,1981,0.422222222,0.2,0.22962963,0.577777778,0.4,0.533333333,0.044444444,0.133333333,0.222222222,0,0.066666667,0.333333333,0.169312169,0.092668178,0.263157895,0.975613637,David Steel
Steel,David,200,8103,1982,0.264705882,0.073529412,0.1,0.735294118,0.735294118,0.397058824,0.073529412,0.161764706,0.132352941,0.029411765,0.205882353,0.184834123,0.078988942,0.079319872,0.243727599,0.980667558,David Steel
Steel,David,200,6187,1983,0.419354839,0.150537634,0.313215401,0.580645161,0.064516129,0.612903226,0.064516129,0.032258065,0.193548387,0.096774194,0,0.291666667,0.094907407,0.127662037,0.177142857,0.977385582,David Steel
Steel,David,200,5724,1985,0.125,-0.114583333,0.203125,0.875,0.8125,0.46875,0,0.09375,0.09375,0.03125,0.3125,0.191176471,0.053921569,0.094420415,0.19047619,0.982015159,David Steel
Steel,David,200,4537,1987,0,-0.105263158,0.130747922,1,0.631578947,0.394736842,0.026315789,0.078947368,0.236842105,0.026315789,0.236842105,0.203883495,0.080906149,0.087416345,0.269503546,0.976440985,David Steel
Steel,David,200,4060,1988,0.333333333,0.148148148,0.176954733,0.666666667,0.592592593,0.481481481,0,0.185185185,0.185185185,0.037037037,0.111111111,0.08,-0.036666667,0.08728,0.212598425,0.981444409,David Steel
Thatcher,Margaret,200,102560,1979,0.614659686,0.315532286,0.227344864,0.385340314,0.603141361,0.535078534,0.048167539,0.22408377,0.105759162,0.009424084,0.077486911,0.418949259,0.213291423,0.126238157,0.300125707,0.962112684,Margaret Thatcher
Thatcher,Margaret,200,111023,1980,0.647577093,0.345374449,0.243565681,0.352422907,0.634361233,0.540088106,0.034361233,0.249339207,0.099559471,0.008810573,0.06784141,0.417652411,0.207006369,0.125479611,0.340534053,0.957269919,Margaret Thatcher
Thatcher,Margaret,200,110880,1981,0.682352941,0.352941176,0.287221524,0.317647059,0.594957983,0.579831933,0.021848739,0.239495798,0.092436975,0.008403361,0.057983193,0.407732865,0.200351494,0.112578723,0.343335257,0.961347755,Margaret Thatcher
Thatcher,Margaret,200,118543,1982,0.704809287,0.34936429,0.305436334,0.295190713,0.611940299,0.596185738,0.020729685,0.235489221,0.069651741,0.007462687,0.070480929,0.370855821,0.177846312,0.119672169,0.317368421,0.962019833,Margaret Thatcher
Thatcher,Margaret,200,94171,1983,0.707165109,0.391138802,0.272789149,0.292834891,0.704049844,0.547248183,0.015576324,0.290758048,0.076843198,0.008307373,0.061266874,0.39402839,0.193995758,0.130395182,0.320359281,0.958226693,Margaret Thatcher
Thatcher,Margaret,200,101068,1984,0.75971093,0.427582054,0.293548079,0.24028907,0.699186992,0.559168925,0.018066847,0.302619693,0.066847335,0.006323397,0.046973803,0.376756066,0.184617568,0.111459946,0.3203125,0.964297986,Margaret Thatcher
Thatcher,Margaret,200,108984,1985,0.79137931,0.468678161,0.292221165,0.20862069,0.763793103,0.537068966,0.018103448,0.340517241,0.061206897,0.001724138,0.04137931,0.385067114,0.191275168,0.118050285,0.32731377,0.961360516,Margaret Thatcher
Thatcher,Margaret,200,98526,1986,0.736006683,0.464216096,0.258800301,0.263993317,0.822055138,0.487886383,0.012531328,0.367585631,0.084377611,0.004177109,0.043441938,0.427491734,0.207841285,0.130926577,0.361194931,0.952709984,Margaret Thatcher
Thatcher,Margaret,200,87667,1987,0.75308642,0.45781893,0.269331403,0.24691358,0.816872428,0.50617284,0.013374486,0.356995885,0.067901235,0.004115226,0.051440329,0.446285409,0.233743096,0.130859291,0.341892367,0.955260207,Margaret Thatcher
Thatcher,Margaret,200,103746,1988,0.772173913,0.453333333,0.278188885,0.227826087,0.777391304,0.526956522,0.02,0.339130435,0.053043478,0.011304348,0.049565217,0.502452073,0.281468272,0.141911756,0.338933098,0.951901409,Margaret Thatcher
Thatcher,Margaret,200,126412,1989,0.811147541,0.507103825,0.283773437,0.188852459,0.809180328,0.507540984,0.023606557,0.37442623,0.062295082,0.001967213,0.030163934,0.492559524,0.277901786,0.128795307,0.36197484,0.953379339,Margaret Thatcher
Thatcher,Margaret,200,94816,1990,0.717923604,0.402220046,0.263969855,0.282076396,0.752203722,0.531831538,0.019588639,0.307541626,0.063663075,0.008814887,0.068560235,0.381818182,0.185185185,0.113294154,0.340219927,0.961455071,Margaret Thatcher
Wilson,Harold,200,5019,1908,0.741935484,0.344086022,0.305723205,0.258064516,0.774193548,0.580645161,0.032258065,0.258064516,0,0,0.129032258,0.035294118,-0.023529412,0.077536332,0.267241379,0.979279084,Harold Wilson
Wilson,Harold,200,5517,1909,0.384615385,0.111111111,0.310453649,0.615384615,0.307692308,0.615384615,0,0.076923077,0.179487179,0.051282051,0.076923077,0.263157895,0.101754386,0.143977839,0.291044776,0.958096002,Harold Wilson
Wilson,Harold,200,5069,1910,0.185185185,0.098765432,0.252674897,0.814814815,0.222222222,0.481481481,0.037037037,0.074074074,0.37037037,0,0.037037037,0.295238095,0.098412698,0.142748299,0.204545455,0.970801484,Harold Wilson
Wilson,Harold,200,5825,1912,0.454545455,0.257575758,0.147107438,0.545454545,0.545454545,0.454545455,0.045454545,0.227272727,0.136363636,0.090909091,0.045454545,0.320754717,0.201257862,0.095194019,0.171875,0.983638528,Harold Wilson
Wilson,Harold,200,5535,1913,0.0625,-0.125,0.17265625,0.9375,0.4375,0.46875,0.0625,0,0.1875,0.0625,0.21875,0.183673469,0.030612245,0.111120367,0.246153846,0.972647294,Harold Wilson
Wilson,Harold,200,57107,1964,0.477272727,0.21780303,0.186002066,0.522727273,0.534090909,0.508522727,0.065340909,0.164772727,0.144886364,0.014204545,0.102272727,0.313921747,0.134061268,0.124044441,0.242591316,0.969907896,Harold Wilson
Wilson,Harold,200,242044,1965,0.543920884,0.215047508,0.31263905,0.456079116,0.411867365,0.621873182,0.023269343,0.126817917,0.131471786,0.017452007,0.079115765,0.367180417,0.168555455,0.133344608,0.280378405,0.962613052,Harold Wilson
Wilson,Harold,200,248316,1966,0.573810994,0.252007412,0.279176212,0.426189006,0.479308215,0.592958616,0.033353922,0.160592959,0.119827054,0.0142063,0.079061149,0.384717903,0.173552495,0.157231783,0.264499265,0.958412309,Harold Wilson
Wilson,Harold,200,197595,1967,0.45060241,0.202141901,0.192439348,0.54939759,0.607228916,0.506827309,0.032128514,0.186345382,0.142971888,0.014457831,0.117269076,0.40798559,0.201541079,0.138264465,0.272071678,0.962382155,Harold Wilson
Wilson,Harold,200,193857,1968,0.558823529,0.265859285,0.239163204,0.441176471,0.589965398,0.549307958,0.025951557,0.204152249,0.115916955,0.01384083,0.09083045,0.435012524,0.221263568,0.14339905,0.243419667,0.965093851,Harold Wilson
Wilson,Harold,200,174074,1969,0.61679225,0.275206315,0.321594223,0.38320775,0.454251884,0.624327234,0.020452099,0.163616792,0.116254037,0.011840689,0.06350915,0.372839506,0.181995885,0.142123457,0.222835212,0.968329889,Harold Wilson
Wilson,Harold,200,78763,1970,0.492610837,0.21592775,0.215846053,0.507389163,0.512315271,0.539408867,0.044334975,0.162561576,0.133004926,0.027093596,0.093596059,0.319572954,0.144483986,0.130245666,0.224185533,0.970800806,Harold Wilson
Wilson,Harold,200,8661,1971,0.142857143,0.079365079,0.123809524,0.857142857,0.380952381,0.404761905,0.023809524,0.142857143,0.261904762,0.119047619,0.047619048,0.051282051,-0.007122507,0.055270655,0.152173913,0.991589248,Harold Wilson
Wilson,Harold,200,7939,1972,-0.2,-0.225,0.058,0.8,0.7,0.275,0.05,0.075,0.2,0.125,0.275,0.090909091,-0.013468013,0.078359351,0.168067227,0.986830361,Harold Wilson
Wilson,Harold,200,106128,1974,0.595598349,0.275103164,0.26716604,0.404401651,0.500687758,0.581843191,0.037138927,0.178817056,0.10866575,0.022008253,0.071526823,0.347229283,0.159295035,0.125438779,0.269858946,0.966149223,Harold Wilson
Wilson,Harold,200,176058,1975,0.567233385,0.254507986,0.279062323,0.432766615,0.483771252,0.590417311,0.026275116,0.166924266,0.127511592,0.013910355,0.07496136,0.398188723,0.193689746,0.140034663,0.274326903,0.961584725,Harold Wilson
Wilson,Harold,200,55370,1976,0.599147122,0.292821606,0.270521592,0.400852878,0.541577825,0.575692964,0.019189765,0.204690832,0.117270789,0.017057569,0.066098081,0.338491296,0.156995487,0.12546345,0.312042582,0.960850061,Harold Wilson
