lastname,firstname,Ccode,Word Count,year,quarter,distrust,task,bace,igb,sc,cc,power,name
Adams,JohnQuincy,2,9211,1825,4,0.193333333,0.640186916,0.212765957,0.114285714,0.333333333,0.636585366,0.274509804,JohnQuincy Adams
Adams,JohnQuincy,2,8015,1826,4,0.07826087,0.678787879,0.152173913,0.13592233,0.444444444,0.677083333,0.266666667,JohnQuincy Adams
Adams,JohnQuincy,2,7228,1827,4,0.155555556,0.658064516,0.090909091,0.315789474,0.25,0.662379421,0.44,JohnQuincy Adams
Adams,JohnQuincy,2,7519,1828,4,0.152,0.657342657,0.166666667,0.070588235,0.142857143,0.643504532,0.3,JohnQuincy Adams
Arthur,Chester,2,13545,1881,4,0.205533597,0.712765957,0.166666667,0.138297872,0.302325581,0.663893511,0.238095238,Chester Arthur
Arthur,Chester,2,9919,1882,4,0.174129353,0.744939271,0.225806452,0.153846154,0.19,0.659448819,0.268817204,Chester Arthur
Arthur,Chester,2,7963,1883,4,0.185897436,0.713567839,0.166666667,0.05,0.264705882,0.649425287,0.263888889,Chester Arthur
Arthur,Chester,2,8718,1884,4,0.147928994,0.716049383,0.2,0.15,0.34375,0.660427807,0.281690141,Chester Arthur
Buchanan,James,2,13927,1857,4,0.219178082,0.714285714,0.195121951,0.139072848,0.3625,0.585365854,0.278688525,James Buchanan
Buchanan,James,2,16713,1858,4,0.188264059,0.743002545,0.204225352,0.1,0.303571429,0.615472127,0.236842105,James Buchanan
Buchanan,James,2,12734,1859,4,0.308917197,0.721003135,0.109090909,0.165048544,0.273684211,0.57489301,0.1875,James Buchanan
Buchanan,James,2,14280,1860,4,0.249382716,0.656666667,0.211382114,0.211864407,0.278846154,0.554794521,0.243902439,James Buchanan
Bush,GeorgeH.W.,2,141843,1989,1,0.115928369,0.567358567,0.347566183,0.130820399,0.429983128,0.587392901,0.263690269,GeorgeH.W. Bush
Bush,GeorgeH.W.,2,185585,1989,2,0.136304063,0.508379037,0.358682453,0.142319075,0.367612037,0.555094607,0.263288393,GeorgeH.W. Bush
Bush,GeorgeH.W.,2,135527,1989,3,0.104495386,0.555947685,0.33223413,0.137065637,0.38445985,0.606297129,0.243773744,GeorgeH.W. Bush
Bush,GeorgeH.W.,2,145146,1989,4,0.100439078,0.504940305,0.327952113,0.139048991,0.404464067,0.583904728,0.247111442,GeorgeH.W. Bush
Bush,GeorgeH.W.,2,163636,1990,1,0.104223944,0.545617174,0.324244771,0.149202733,0.405477622,0.599916736,0.269625652,GeorgeH.W. Bush
Bush,GeorgeH.W.,2,184551,1990,2,0.105953582,0.548314607,0.329547109,0.149292823,0.389526393,0.578662873,0.248994189,GeorgeH.W. Bush
Bush,GeorgeH.W.,2,153161,1990,3,0.104710821,0.521198417,0.336100963,0.146488294,0.430240395,0.571412705,0.252875507,GeorgeH.W. Bush
Bush,GeorgeH.W.,2,212423,1990,4,0.124040528,0.537039732,0.322645528,0.14793176,0.397691674,0.566007573,0.266885326,GeorgeH.W. Bush
Bush,GeorgeH.W.,2,116968,1991,1,0.124959003,0.495454545,0.341035516,0.151824818,0.458306189,0.558975834,0.239149496,GeorgeH.W. Bush
Bush,GeorgeH.W.,2,165980,1991,2,0.118095238,0.533587919,0.346697769,0.138584247,0.384851811,0.582265182,0.265123226,GeorgeH.W. Bush
Bush,GeorgeH.W.,2,188017,1991,3,0.106740378,0.528896937,0.320777161,0.130805687,0.449132492,0.600640637,0.25259749,GeorgeH.W. Bush
Bush,GeorgeH.W.,2,185404,1991,4,0.124425887,0.522034434,0.33589404,0.140946777,0.432229742,0.600518931,0.283272283,GeorgeH.W. Bush
Bush,GeorgeH.W.,2,242342,1992,1,0.112673581,0.555468135,0.376688537,0.15010675,0.393244873,0.566712623,0.303778784,GeorgeH.W. Bush
Bush,GeorgeH.W.,2,238817,1992,2,0.116697248,0.527822674,0.354281066,0.141093184,0.432974065,0.588082517,0.302564103,GeorgeH.W. Bush
Bush,GeorgeH.W.,2,296155,1992,3,0.153332386,0.537782139,0.38266524,0.159572845,0.375361272,0.588224778,0.297640044,GeorgeH.W. Bush
Bush,GeorgeH.W.,2,206129,1992,4,0.13050571,0.478348439,0.378078818,0.161072363,0.427623538,0.619156818,0.332219405,GeorgeH.W. Bush
Bush,GeorgeH.W.,2,12725,1993,1,0.084795322,0.463087248,0.334065934,0.234567901,0.375,0.531520396,0.258503401,GeorgeH.W. Bush
Bush,GeorgeW,2,191268,2001,1,0.100543478,0.542857143,0.361050856,0.12368932,0.337351779,0.549404762,0.257620452,GeorgeW Bush
Bush,GeorgeW,2,188891,2001,2,0.087998347,0.503586207,0.351689781,0.129835933,0.317112177,0.555996338,0.235075653,GeorgeW Bush
Bush,GeorgeW,2,16217,2001,3,0.178111588,0.536661466,0.326433121,0.099557522,0.370558376,0.602162162,0.219672131,GeorgeW Bush
Bush,GeorgeW,2,12697,2001,4,0.266839378,0.557142857,0.318181818,0.098701299,0.371212121,0.589358799,0.247464503,GeorgeW Bush
Bush,GeorgeW,2,271293,2002,1,0.257942387,0.475451725,0.371192945,0.181737137,0.301652893,0.562325516,0.294185567,GeorgeW Bush
Bush,GeorgeW,2,257180,2002,2,0.217881531,0.438371655,0.361668287,0.193133047,0.293464858,0.547825432,0.289224446,GeorgeW Bush
Bush,GeorgeW,2,305077,2002,3,0.241984105,0.433501684,0.363447096,0.196221088,0.292661994,0.574564631,0.310847356,GeorgeW Bush
Bush,GeorgeW,2,270652,2002,4,0.20372212,0.447576203,0.349054017,0.185681761,0.294639556,0.580844133,0.319243604,GeorgeW Bush
Bush,GeorgeW,2,20669,2003,1,0.187823834,0.520174482,0.389301634,0.153321976,0.395759717,0.552169898,0.298642534,GeorgeW Bush
Bush,GeorgeW,2,18504,2003,2,0.149134487,0.504522613,0.333333333,0.157996146,0.349056604,0.568478261,0.298076923,GeorgeW Bush
Bush,GeorgeW,2,23401,2003,3,0.1612529,0.550819672,0.323684211,0.162361624,0.418660287,0.537147737,0.28229028,GeorgeW Bush
Bush,GeorgeW,2,18778,2003,4,0.211267606,0.539387309,0.352040816,0.149253731,0.406091371,0.575661376,0.290657439,GeorgeW Bush
Bush,GeorgeW,2,217866,2004,1,0.24229584,0.499154385,0.373597827,0.149342891,0.286501377,0.571029568,0.291349982,GeorgeW Bush
Bush,GeorgeW,2,344265,2004,2,0.206907444,0.462661871,0.361097077,0.168421053,0.322463297,0.582581667,0.293152901,GeorgeW Bush
Bush,GeorgeW,2,535406,2004,3,0.267960062,0.480015391,0.417067406,0.152849107,0.32529668,0.578110754,0.320772786,GeorgeW Bush
Bush,GeorgeW,2,24543,2004,4,0.120529801,0.617250674,0.307167235,0.139534884,0.359605911,0.594573025,0.245614035,GeorgeW Bush
Bush,GeorgeW,2,286940,2005,1,0.136423262,0.486754967,0.335372165,0.139489194,0.33535382,0.5996656,0.248990579,GeorgeW Bush
Bush,GeorgeW,2,292973,2005,2,0.149813767,0.506621699,0.351493681,0.148550725,0.323074591,0.607302867,0.254602429,GeorgeW Bush
Bush,GeorgeW,2,162525,2005,3,0.222864019,0.475317989,0.367944251,0.176067973,0.305252387,0.592043564,0.283872107,GeorgeW Bush
Bush,GeorgeW,2,191810,2005,4,0.288624511,0.506134201,0.367521368,0.178102818,0.310894309,0.562993607,0.307923269,GeorgeW Bush
Bush,GeorgeW,2,341172,2006,1,0.225030675,0.514326433,0.356415167,0.147928994,0.331334932,0.618220983,0.277661472,GeorgeW Bush
Bush,GeorgeW,2,323041,2006,2,0.167210973,0.503910615,0.349205021,0.142054165,0.318074772,0.610794269,0.267940552,GeorgeW Bush
Bush,GeorgeW,2,217172,2006,3,0.271530712,0.5262232,0.354672173,0.155913978,0.312710329,0.590796689,0.267983259,GeorgeW Bush
Bush,GeorgeW,2,261906,2006,4,0.230532544,0.515896099,0.357394543,0.1513435,0.333584479,0.595919449,0.275433734,GeorgeW Bush
Bush,GeorgeW,2,168428,2007,1,0.159887495,0.512926725,0.34303566,0.139130435,0.323216602,0.601655934,0.247751938,GeorgeW Bush
Bush,GeorgeW,2,218246,2007,2,0.217555373,0.517650977,0.331790317,0.141406683,0.31619256,0.593842692,0.250572082,GeorgeW Bush
Bush,GeorgeW,2,157672,2007,3,0.232110092,0.547619048,0.350181818,0.153846154,0.348573281,0.629052632,0.264971439,GeorgeW Bush
Bush,GeorgeW,2,143294,2007,4,0.150362772,0.501379198,0.361016225,0.144441022,0.272270115,0.611164892,0.249513934,GeorgeW Bush
Bush,GeorgeW,2,43999,2008,1,0.158273381,0.546046046,0.380159787,0.19095941,0.327649208,0.591780822,0.280267559,GeorgeW Bush
Bush,GeorgeW,2,42879,2008,2,0.103859649,0.609171443,0.307250538,0.126058325,0.342002601,0.570171579,0.235077377,GeorgeW Bush
Bush,GeorgeW,2,17951,2008,3,0.127764128,0.641577061,0.312599681,0.137767221,0.371352785,0.624026696,0.289473684,GeorgeW Bush
Bush,GeorgeW,2,5821,2009,1,0.223076923,0.561085973,0.25,0.243243243,0.376237624,0.578651685,0.268656716,GeorgeW Bush
Carter,Jimmy,2,4741,1976,3,0.086956522,0.466292135,0.4,0.235,0.438596491,0.487603306,0.35,Jimmy Carter
Carter,Jimmy,2,144384,1977,1,0.054685275,0.608650875,0.322965703,0.129013255,0.486934204,0.64264102,0.2496045,Jimmy Carter
Carter,Jimmy,2,189075,1977,2,0.065550578,0.601254902,0.318254604,0.143321153,0.502054232,0.64944552,0.244320557,Jimmy Carter
Carter,Jimmy,2,114934,1977,3,0.072323666,0.57195122,0.321704461,0.151347361,0.455139847,0.626222806,0.231127198,Jimmy Carter
Carter,Jimmy,2,137632,1977,4,0.060442526,0.566842568,0.323606435,0.146213292,0.470099222,0.642139223,0.243200631,Jimmy Carter
Carter,Jimmy,2,179084,1978,1,0.066913637,0.598208771,0.327836311,0.14838416,0.44518655,0.626372549,0.261150512,Jimmy Carter
Carter,Jimmy,2,179519,1978,2,0.079263977,0.582324265,0.320294524,0.16744186,0.470518023,0.632322471,0.249446728,Jimmy Carter
Carter,Jimmy,2,119401,1978,3,0.069373942,0.56196191,0.332303255,0.179380785,0.440552995,0.62971968,0.267271157,Jimmy Carter
Carter,Jimmy,2,175641,1978,4,0.080547818,0.582175534,0.337426817,0.167411712,0.443743428,0.634308255,0.260328743,Jimmy Carter
Carter,Jimmy,2,142163,1979,1,0.060898402,0.594604651,0.335451837,0.158424141,0.425909228,0.617482951,0.272858023,Jimmy Carter
Carter,Jimmy,2,144403,1979,2,0.075975359,0.586446741,0.327589545,0.156385752,0.436718068,0.617514711,0.252688172,Jimmy Carter
Carter,Jimmy,2,125708,1979,3,0.065815324,0.554625867,0.341209625,0.167366359,0.440501792,0.598384226,0.280260499,Jimmy Carter
Carter,Jimmy,2,106597,1979,4,0.08,0.544293478,0.324379637,0.164765101,0.440606571,0.613337608,0.276494024,Jimmy Carter
Carter,Jimmy,2,155530,1980,1,0.078014184,0.608311518,0.329711502,0.154044973,0.422887017,0.6182359,0.275418028,Jimmy Carter
Carter,Jimmy,2,194778,1980,2,0.085555793,0.578733644,0.332232592,0.16045066,0.44064963,0.629058936,0.263810093,Jimmy Carter
Carter,Jimmy,2,273861,1980,3,0.066062375,0.576560789,0.338185015,0.155219406,0.440802037,0.611111111,0.26134264,Jimmy Carter
Carter,Jimmy,2,370701,1980,4,0.081750307,0.548867037,0.341289995,0.156571562,0.418080309,0.613268832,0.258632414,Jimmy Carter
Carter,Jimmy,2,45542,1981,1,0.072657744,0.620978405,0.340572557,0.179226069,0.329470199,0.584350721,0.333663366,Jimmy Carter
Cleveland,Grover,2,20192,1885,4,0.292307692,0.690789474,0.176470588,0.12195122,0.345238095,0.601832994,0.268656716,Grover Cleveland
Cleveland,Grover,2,15645,1886,4,0.217777778,0.706365503,0.174757282,0.120300752,0.372093023,0.594850949,0.321100917,Grover Cleveland
Cleveland,Grover,2,5437,1887,4,0.351351351,0.761904762,0.242424242,0.108108108,0.3,0.542944785,0.121212121,Grover Cleveland
Cleveland,Grover,2,13664,1888,4,0.277777778,0.685851319,0.208791209,0.098360656,0.26984127,0.574861368,0.244680851,Grover Cleveland
Cleveland,Grover,2,13155,1893,4,0.285087719,0.74015748,0.310810811,0.126213592,0.265306122,0.532258065,0.333333333,Grover Cleveland
Cleveland,Grover,2,16956,1894,4,0.205574913,0.751515152,0.145631068,0.075,0.259259259,0.617378049,0.245098039,Grover Cleveland
Cleveland,Grover,2,15128,1895,4,0.349137931,0.746411483,0.19047619,0.119341564,0.288135593,0.646983312,0.263513514,Grover Cleveland
Cleveland,Grover,2,16379,1896,4,0.260162602,0.698630137,0.255102041,0.082278481,0.458333333,0.606866002,0.252525253,Grover Cleveland
Clinton,William,2,116952,1993,1,0.097109304,0.628182616,0.397431386,0.105807744,0.473713185,0.649292069,0.27775762,William Clinton
Clinton,William,2,163571,1993,2,0.105716748,0.647396004,0.367997025,0.099211742,0.517076754,0.642031081,0.276976565,William Clinton
Clinton,William,2,228746,1993,3,0.103667137,0.61219571,0.37324449,0.093193158,0.514912281,0.646152863,0.283315622,William Clinton
Clinton,William,2,155877,1993,4,0.121047877,0.600848896,0.352314206,0.10964591,0.515487283,0.634122481,0.26516412,William Clinton
Clinton,William,2,177287,1994,1,0.102490421,0.572598018,0.361493836,0.11571558,0.483364486,0.605771582,0.265270287,William Clinton
Clinton,William,2,152545,1994,2,0.129411765,0.615012107,0.364732586,0.094114663,0.534706155,0.642214008,0.271274234,William Clinton
Clinton,William,2,103814,1994,3,0.081238616,0.588764591,0.338189386,0.128196268,0.54134548,0.604367373,0.262039046,William Clinton
Clinton,William,2,175324,1994,4,0.092444444,0.559377317,0.374382315,0.124473042,0.498105263,0.60212953,0.292555332,William Clinton
Clinton,William,2,134781,1995,1,0.088040391,0.563912952,0.384724858,0.10460251,0.471806387,0.599408721,0.280523732,William Clinton
Clinton,William,2,173761,1995,2,0.113180854,0.565778983,0.377956719,0.113741224,0.492209787,0.604702833,0.281112549,William Clinton
Clinton,William,2,8442,1995,3,0.107981221,0.604790419,0.317679558,0.089285714,0.546296296,0.642166344,0.24137931,William Clinton
Clinton,William,2,23353,1995,4,0.078402367,0.565259117,0.411818182,0.106100796,0.527508091,0.596041056,0.293896714,William Clinton
Clinton,William,2,161171,1996,1,0.115460434,0.54005984,0.397650057,0.105445316,0.456500956,0.585010409,0.263563636,William Clinton
Clinton,William,2,186443,1996,2,0.112554113,0.503219485,0.380153649,0.134287395,0.448307621,0.575770964,0.276975584,William Clinton
Clinton,William,2,170931,1996,3,0.132512879,0.535645161,0.422262774,0.110559481,0.416936005,0.578136312,0.27478611,William Clinton
Clinton,William,2,144356,1996,4,0.107261223,0.558257713,0.402895426,0.107973856,0.456303365,0.591172382,0.284712259,William Clinton
Clinton,William,2,154525,1997,1,0.099886814,0.565582019,0.368344486,0.127126437,0.459745254,0.58449406,0.271854851,William Clinton
Clinton,William,2,203787,1997,2,0.101177003,0.577182919,0.363802954,0.127849514,0.468299427,0.590600227,0.286719535,William Clinton
Clinton,William,2,143163,1997,3,0.084079284,0.52977372,0.36750914,0.108633094,0.472385758,0.579427529,0.25862069,William Clinton
Clinton,William,2,309302,1997,4,0.102592652,0.565233137,0.383395943,0.108857707,0.459754245,0.60449268,0.284226075,William Clinton
Clinton,William,2,278137,1998,1,0.116552901,0.540562089,0.396707891,0.120967742,0.423281302,0.578031603,0.286139955,William Clinton
Clinton,William,2,338434,1998,2,0.098451327,0.532373502,0.368552169,0.126153512,0.468710252,0.591380502,0.279166667,William Clinton
Clinton,William,2,341239,1998,3,0.109669981,0.514812321,0.403019083,0.113784877,0.430846282,0.589399866,0.276642984,William Clinton
Clinton,William,2,272318,1998,4,0.100929398,0.50640128,0.3940969,0.126590848,0.441554219,0.57733547,0.281175002,William Clinton
Clinton,William,2,298201,1999,1,0.123905501,0.520698577,0.408811318,0.120925576,0.429286608,0.593566449,0.276106336,William Clinton
Clinton,William,2,339039,1999,2,0.136886735,0.513316561,0.38000566,0.107940699,0.468372516,0.597476129,0.283270239,William Clinton
Clinton,William,2,327560,1999,3,0.12455844,0.514383315,0.416129494,0.097695553,0.442247659,0.600451351,0.279055915,William Clinton
Clinton,William,2,425370,1999,4,0.11720418,0.51582482,0.390647832,0.108128262,0.45162513,0.606757645,0.286418215,William Clinton
Clinton,William,2,385014,2000,1,0.140032949,0.536317429,0.380455185,0.103647825,0.463446354,0.600514288,0.268035584,William Clinton
Clinton,William,2,471606,2000,2,0.125874126,0.534978598,0.384555873,0.099195481,0.459880058,0.610252928,0.2715109,William Clinton
Clinton,William,2,425869,2000,3,0.124360762,0.526656484,0.384718874,0.110816597,0.446977547,0.614281617,0.272489995,William Clinton
Clinton,William,2,435817,2000,4,0.120759983,0.537457237,0.370724654,0.106451613,0.465025677,0.616000582,0.27115218,William Clinton
Clinton,William,2,87715,2001,1,0.113585746,0.499652536,0.373509262,0.100744133,0.391319091,0.60895906,0.238220584,William Clinton
Coolidge,Calvin,2,6772,1923,4,0.188235294,0.645756458,0.273584906,0.118644068,0.5,0.497368421,0.212962963,Calvin Coolidge
Coolidge,Calvin,2,8138,1924,2,0.168421053,0.636986301,0.311377246,0.115606936,0.355932203,0.549295775,0.242424242,Calvin Coolidge
Coolidge,Calvin,2,22367,1924,3,0.257978723,0.6133829,0.288265306,0.197674419,0.381944444,0.553967119,0.264781491,Calvin Coolidge
Coolidge,Calvin,2,18492,1924,4,0.204545455,0.650224215,0.2875,0.176470588,0.481481481,0.525629887,0.251612903,Calvin Coolidge
Coolidge,Calvin,2,6536,1925,1,0.35,0.555555556,0.331034483,0.163841808,0.366666667,0.542056075,0.360544218,Calvin Coolidge
Coolidge,Calvin,2,10279,1925,2,0.158940397,0.661490683,0.308724832,0.120418848,0.333333333,0.591596639,0.294117647,Calvin Coolidge
Coolidge,Calvin,2,6345,1925,3,0.196581197,0.654054054,0.210526316,0.216216216,0.538461538,0.595,0.162162162,Calvin Coolidge
Coolidge,Calvin,2,34181,1925,4,0.185585586,0.68903437,0.310869565,0.165876777,0.383928571,0.589326097,0.273504274,Calvin Coolidge
Coolidge,Calvin,2,6578,1926,1,0.159574468,0.673469388,0.214285714,0.106666667,0.625,0.593137255,0.24137931,Calvin Coolidge
Coolidge,Calvin,2,25219,1926,2,0.191326531,0.655388471,0.283987915,0.154661017,0.486486486,0.588944011,0.252252252,Calvin Coolidge
Coolidge,Calvin,2,4446,1926,3,0.210526316,0.675213675,0.355555556,0.225806452,0.5,0.522556391,0.288888889,Calvin Coolidge
Coolidge,Calvin,2,24967,1926,4,0.179331307,0.683461117,0.277389277,0.167857143,0.481481481,0.594558726,0.295081967,Calvin Coolidge
Coolidge,Calvin,2,8308,1927,1,0.082758621,0.64453125,0.28125,0.116564417,0.1,0.560570071,0.219512195,Calvin Coolidge
Coolidge,Calvin,2,20640,1927,2,0.149659864,0.629009763,0.317948718,0.143835616,0.4,0.543156059,0.301790281,Calvin Coolidge
Coolidge,Calvin,2,22927,1927,4,0.178117048,0.676151762,0.294117647,0.159159159,0.258064516,0.572407883,0.27804878,Calvin Coolidge
Coolidge,Calvin,2,9767,1928,1,0.206349206,0.651234568,0.304347826,0.156398104,0.576923077,0.566225166,0.241134752,Calvin Coolidge
Coolidge,Calvin,2,16920,1928,2,0.165354331,0.62970297,0.277456647,0.151851852,0.32,0.555791711,0.25433526,Calvin Coolidge
Coolidge,Calvin,2,25007,1928,4,0.138888889,0.715506716,0.30259366,0.154738878,0.322033898,0.603232917,0.288571429,Calvin Coolidge
Coolidge,Calvin,2,6458,1929,1,0.140740741,0.668316832,0.255813953,0.173333333,0.421052632,0.550561798,0.280898876,Calvin Coolidge
Eisenhower,Dwight,2,31643,1953,1,0.19009901,0.573287077,0.324525186,0.15177305,0.502247191,0.509590235,0.239185751,Dwight Eisenhower
Eisenhower,Dwight,2,58318,1953,2,0.211995863,0.514205869,0.359840071,0.143187067,0.462305296,0.513735619,0.242683476,Dwight Eisenhower
Eisenhower,Dwight,2,22477,1953,3,0.159144893,0.559343434,0.327008929,0.149105368,0.496941896,0.528615385,0.232611174,Dwight Eisenhower
Eisenhower,Dwight,2,59476,1953,4,0.19408867,0.514520813,0.333178654,0.134957826,0.435797665,0.511622276,0.224893918,Dwight Eisenhower
Eisenhower,Dwight,2,45728,1954,1,0.199485199,0.59352518,0.337559429,0.130952381,0.474300586,0.521097046,0.224785408,Dwight Eisenhower
Eisenhower,Dwight,2,62172,1954,2,0.210961737,0.53668297,0.336916081,0.168387609,0.444324324,0.528143196,0.248530647,Dwight Eisenhower
Eisenhower,Dwight,2,51713,1954,3,0.179640719,0.545247581,0.320248923,0.157272727,0.463070006,0.521971831,0.237579931,Dwight Eisenhower
Eisenhower,Dwight,2,71431,1954,4,0.179399142,0.523533951,0.335990888,0.186611374,0.422935297,0.501054407,0.264092664,Dwight Eisenhower
Eisenhower,Dwight,2,44447,1955,1,0.146206897,0.592741935,0.334954079,0.150609081,0.502762431,0.54702381,0.21707989,Dwight Eisenhower
Eisenhower,Dwight,2,56377,1955,2,0.156382979,0.54368932,0.303571429,0.157434402,0.470234516,0.549221557,0.205840791,Dwight Eisenhower
Eisenhower,Dwight,2,23201,1955,3,0.161445783,0.510791367,0.339581036,0.142857143,0.495253165,0.561978877,0.211428571,Dwight Eisenhower
Eisenhower,Dwight,2,37741,1956,1,0.135048232,0.623545517,0.356743319,0.183925811,0.469879518,0.554943036,0.226258764,Dwight Eisenhower
Eisenhower,Dwight,2,44943,1956,2,0.137254902,0.544899206,0.359464627,0.137323944,0.455605381,0.53446227,0.262305699,Dwight Eisenhower
Eisenhower,Dwight,2,41529,1956,3,0.166882277,0.496902959,0.351015801,0.134993447,0.449931413,0.534090909,0.224608241,Dwight Eisenhower
Eisenhower,Dwight,2,63573,1956,4,0.168411037,0.468613775,0.369631236,0.172434018,0.394548994,0.472095808,0.280159081,Dwight Eisenhower
Eisenhower,Dwight,2,33625,1957,1,0.135176651,0.529644269,0.366239638,0.138138138,0.463054187,0.557356608,0.249230769,Dwight Eisenhower
Eisenhower,Dwight,2,57015,1957,2,0.160250671,0.563387424,0.338827839,0.160363086,0.510667584,0.552066116,0.264458955,Dwight Eisenhower
Eisenhower,Dwight,2,27528,1957,3,0.142,0.545652174,0.338065661,0.101580135,0.53613808,0.562747036,0.228650138,Dwight Eisenhower
Eisenhower,Dwight,2,40390,1957,4,0.184032476,0.518639634,0.324590164,0.17875383,0.44486692,0.50886918,0.263507897,Dwight Eisenhower
Eisenhower,Dwight,2,34315,1958,1,0.18968386,0.597338936,0.315699659,0.163636364,0.553921569,0.539636664,0.245200698,Dwight Eisenhower
Eisenhower,Dwight,2,47844,1958,2,0.171779141,0.541777188,0.31390652,0.123442809,0.516629712,0.548298573,0.239386792,Dwight Eisenhower
Eisenhower,Dwight,2,23729,1958,3,0.144827586,0.532343584,0.354189944,0.125725338,0.562398703,0.569082673,0.247398844,Dwight Eisenhower
Eisenhower,Dwight,2,41394,1958,4,0.177831912,0.566829951,0.33592233,0.158129176,0.441391941,0.532412327,0.272126816,Dwight Eisenhower
Eisenhower,Dwight,2,45261,1959,1,0.141982864,0.523777629,0.340829585,0.125847047,0.551175657,0.565300027,0.233094262,Dwight Eisenhower
Eisenhower,Dwight,2,42320,1959,2,0.160228898,0.543241512,0.353182752,0.159018143,0.49507874,0.563164894,0.251385042,Dwight Eisenhower
Eisenhower,Dwight,2,43422,1959,3,0.135168961,0.518288475,0.322719914,0.152519894,0.514376997,0.558195489,0.207162534,Dwight Eisenhower
Eisenhower,Dwight,2,51406,1959,4,0.157024793,0.454504095,0.331344902,0.166366906,0.420512821,0.520870076,0.245398773,Dwight Eisenhower
Eisenhower,Dwight,2,62137,1960,1,0.136822773,0.518057285,0.327532352,0.158610272,0.43831554,0.523526616,0.24522293,Dwight Eisenhower
Eisenhower,Dwight,2,51369,1960,2,0.15840622,0.449974862,0.330994152,0.184115523,0.357870008,0.499697703,0.232599643,Dwight Eisenhower
Eisenhower,Dwight,2,44188,1960,3,0.163450624,0.577639752,0.327001357,0.16509434,0.503950834,0.549506527,0.249651325,Dwight Eisenhower
Eisenhower,Dwight,2,48523,1960,4,0.195795007,0.542325056,0.336370007,0.198095238,0.343718593,0.506385696,0.274894811,Dwight Eisenhower
Eisenhower,Dwight,2,11231,1961,1,0.142180095,0.597077244,0.340248963,0.181818182,0.438202247,0.555183946,0.234309623,Dwight Eisenhower
Fillmore,Millard,2,8412,1850,4,0.34375,0.62745098,0.166666667,0.125,0.265822785,0.572834646,0.24137931,Millard Fillmore
Fillmore,Millard,2,13605,1851,4,0.264925373,0.6884273,0.177083333,0.177083333,0.308641975,0.631498471,0.336633663,Millard Fillmore
Fillmore,Millard,2,10079,1852,4,0.245714286,0.703832753,0.191919192,0.180952381,0.328571429,0.597302505,0.343434343,Millard Fillmore
Ford,Gerald,2,16924,1974,3,0.088172043,0.622754491,0.339449541,0.177570093,0.362844702,0.547118024,0.242547425,Gerald Ford
Ford,Gerald,2,38668,1974,4,0.066189624,0.598412698,0.316981132,0.150421179,0.427091633,0.660972405,0.250649351,Gerald Ford
Ford,Gerald,2,41878,1975,1,0.076301616,0.656365884,0.314647378,0.149103139,0.518181818,0.63192058,0.258163894,Gerald Ford
Ford,Gerald,2,52852,1975,2,0.111706197,0.588536336,0.33559499,0.172883788,0.387071651,0.59385993,0.311181435,Gerald Ford
Ford,Gerald,2,31114,1975,3,0.170238095,0.561041293,0.316960148,0.132846715,0.405369128,0.570707071,0.236943907,Gerald Ford
Ford,Gerald,2,38201,1975,4,0.07989228,0.62787015,0.303846154,0.15356711,0.494880546,0.590638298,0.249338624,Gerald Ford
Ford,Gerald,2,40570,1976,1,0.076252723,0.596938776,0.321324811,0.179908676,0.497237569,0.595407098,0.274203247,Gerald Ford
Ford,Gerald,2,31711,1976,2,0.101109741,0.586876155,0.285998673,0.192814371,0.497064579,0.612121212,0.287101248,Gerald Ford
Ford,Gerald,2,30009,1976,3,0.140161725,0.545023697,0.346698113,0.189987163,0.4138322,0.542889391,0.304662379,Gerald Ford
Ford,Gerald,2,18606,1976,4,0.105566219,0.399659864,0.355791962,0.222929936,0.456790123,0.563751317,0.259532595,Gerald Ford
Ford,Gerald,2,5630,1977,1,0.077380952,0.60311284,0.316037736,0.251497006,0.301587302,0.565371025,0.267942584,Gerald Ford
Grant,Ulysses,2,7865,1869,4,0.158536585,0.727272727,0.205882353,0.181818182,0.457627119,0.612658228,0.348484848,Ulysses Grant
Grant,Ulysses,2,8933,1870,4,0.214765101,0.739336493,0.246575342,0.094117647,0.377358491,0.55971897,0.282051282,Ulysses Grant
Grant,Ulysses,2,6494,1871,4,0.25203252,0.698324022,0.222222222,0.178571429,0.578947368,0.611295681,0.25,Ulysses Grant
Grant,Ulysses,2,10009,1872,4,0.115384615,0.67896679,0.142857143,0.175,0.455882353,0.64556962,0.276923077,Ulysses Grant
Grant,Ulysses,2,10276,1873,4,0.136585366,0.71875,0.162790698,0.111111111,0.469879518,0.650727651,0.238636364,Ulysses Grant
Grant,Ulysses,2,9848,1874,4,0.191919192,0.708860759,0.177083333,0.113636364,0.378947368,0.617021277,0.28,Ulysses Grant
Grant,Ulysses,2,12449,1875,4,0.320574163,0.719869707,0.183673469,0.126315789,0.406976744,0.603448276,0.270833333,Ulysses Grant
Grant,Ulysses,2,6952,1876,4,0.1875,0.786516854,0.230769231,0.1,0.228070175,0.661490683,0.25,Ulysses Grant
Harding,Warren,2,6874,1920,2,0.3125,0.491582492,0.267045455,0.142857143,0.424657534,0.476997579,0.341040462,Warren Harding
Harding,Warren,2,6728,1921,2,0.165289256,0.611510791,0.298076923,0.073825503,0.424242424,0.537815126,0.138613861,Warren Harding
Harding,Warren,2,6697,1922,1,0.08045977,0.673151751,0.289855072,0.069767442,0.244444444,0.585784314,0.227941176,Warren Harding
Harding,Warren,2,8130,1922,3,0.256880734,0.707964602,0.286713287,0.091666667,0.341176471,0.600840336,0.211267606,Warren Harding
Harding,Warren,2,7098,1923,1,0.064748201,0.744680851,0.302521008,0.081395349,0.420289855,0.570680628,0.205128205,Warren Harding
Harding,Warren,2,34971,1923,2,0.251012146,0.577476038,0.303672316,0.12,0.449704142,0.568141593,0.263380282,Warren Harding
Harding,Warren,2,8457,1923,3,0.189655172,0.516759777,0.197530864,0.145348837,0.23880597,0.556900726,0.289308176,Warren Harding
Harris,Benjamin,2,4402,1889,1,0.337837838,0.540983607,0.202898551,0.205607477,0.238095238,0.53,0.343283582,Benjamin Harris
Harris,Benjamin,2,13261,1889,4,0.2406639,0.687687688,0.243902439,0.125,0.346153846,0.60371517,0.179487179,Benjamin Harris
Harris,Benjamin,2,11863,1890,4,0.191709845,0.762820513,0.25,0.081632653,0.283333333,0.589473684,0.280487805,Benjamin Harris
Harris,Benjamin,2,16848,1891,4,0.221153846,0.759637188,0.157480315,0.07826087,0.515463918,0.592356688,0.173228346,Benjamin Harris
Harris,Benjamin,2,14575,1892,4,0.231132075,0.784841076,0.246376812,0.149700599,0.531914894,0.654340836,0.273381295,Benjamin Harris
Harrison,William,2,8469,1841,1,0.295857988,0.541666667,0.220930233,0.207792208,0.243589744,0.594339623,0.359550562,William Harrison
Hayes,Rutherford,2,10934,1877,4,0.18134715,0.679190751,0.215686275,0.185714286,0.276190476,0.551166966,0.262135922,Rutherford Hayes
Hayes,Rutherford,2,8253,1878,4,0.192982456,0.716157205,0.25,0.285714286,0.230769231,0.633423181,0.358974359,Rutherford Hayes
Hayes,Rutherford,2,12035,1879,4,0.18907563,0.737789203,0.160714286,0.119047619,0.175438596,0.615789474,0.263157895,Rutherford Hayes
Hayes,Rutherford,2,13390,1880,4,0.141818182,0.743455497,0.12195122,0.138888889,0.328358209,0.563909774,0.209302326,Rutherford Hayes
Hoover,Herbert,2,10205,1929,1,0.123931624,0.611764706,0.3359375,0.1,0.519125683,0.686746988,0.255411255,Herbert Hoover
Hoover,Herbert,2,15235,1929,2,0.159817352,0.714566929,0.282666667,0.112244898,0.525073746,0.666666667,0.224242424,Herbert Hoover
Hoover,Herbert,2,11308,1929,3,0.079545455,0.75328084,0.339160839,0.090909091,0.588516746,0.679389313,0.26171875,Herbert Hoover
Hoover,Herbert,2,33047,1929,4,0.170250896,0.695101351,0.331699346,0.13747646,0.566951567,0.636274988,0.288194444,Herbert Hoover
Hoover,Herbert,2,8364,1930,1,0.090225564,0.69122807,0.316326531,0.086538462,0.492753623,0.564981949,0.295857988,Herbert Hoover
Hoover,Herbert,2,14937,1930,2,0.21182266,0.677083333,0.309859155,0.1875,0.54679803,0.650984683,0.275471698,Herbert Hoover
Hoover,Herbert,2,9032,1930,3,0.057692308,0.728301887,0.310880829,0.175675676,0.579881657,0.632027257,0.312883436,Herbert Hoover
Hoover,Herbert,2,32341,1930,4,0.153535354,0.660148976,0.311270125,0.155339806,0.482071713,0.613756614,0.280602637,Herbert Hoover
Hoover,Herbert,2,12162,1931,1,0.045833333,0.674698795,0.365313653,0.10982659,0.455,0.581944444,0.281853282,Herbert Hoover
Hoover,Herbert,2,16124,1931,2,0.149635036,0.591919192,0.311111111,0.144230769,0.431137725,0.613885505,0.242063492,Herbert Hoover
Hoover,Herbert,2,14021,1931,3,0.068548387,0.732251521,0.32962963,0.130681818,0.458333333,0.635044643,0.221311475,Herbert Hoover
Hoover,Herbert,2,21456,1931,4,0.08125,0.665471924,0.322077922,0.15483871,0.454183267,0.579554823,0.232432432,Herbert Hoover
Hoover,Herbert,2,11535,1932,1,0.114537445,0.641666667,0.308056872,0.111702128,0.4140625,0.544728435,0.257575758,Herbert Hoover
Hoover,Herbert,2,14800,1932,2,0.168,0.704761905,0.317610063,0.096618357,0.531428571,0.618997912,0.271477663,Herbert Hoover
Hoover,Herbert,2,13299,1932,3,0.185840708,0.683884298,0.332214765,0.139705882,0.423728814,0.543543544,0.322033898,Herbert Hoover
Hoover,Herbert,2,88205,1932,4,0.167816092,0.70651341,0.351851852,0.097866078,0.357253086,0.601302629,0.271223815,Herbert Hoover
Hoover,Herbert,2,8103,1933,1,0.152671756,0.708333333,0.345864662,0.045977011,0.554347826,0.629151292,0.191666667,Herbert Hoover
Jackson,Andrew,2,10615,1829,4,0.341836735,0.633699634,0.292929293,0.18852459,0.322580645,0.6046875,0.152173913,Andrew Jackson
Jackson,Andrew,2,15134,1830,4,0.28,0.65,0.230769231,0.083870968,0.260273973,0.592880979,0.22875817,Andrew Jackson
Jackson,Andrew,2,7225,1831,4,0.215384615,0.610810811,0.27,0.115107914,0.382352941,0.598404255,0.33,Andrew Jackson
Jackson,Andrew,2,7940,1832,4,0.272,0.691304348,0.182795699,0.102189781,0.393442623,0.61637931,0.188888889,Andrew Jackson
Jackson,Andrew,2,7971,1833,4,0.118055556,0.720588235,0.144927536,0.096774194,0.245901639,0.634382567,0.246153846,Andrew Jackson
Jackson,Andrew,2,13631,1834,4,0.182509506,0.704402516,0.182539683,0.168,0.352459016,0.587044534,0.168,Andrew Jackson
Jackson,Andrew,2,10901,1835,4,0.142857143,0.675862069,0.243243243,0.196850394,0.202380952,0.575389948,0.243243243,Andrew Jackson
Jackson,Andrew,2,12498,1836,4,0.282051282,0.724832215,0.191780822,0.121212121,0.222222222,0.605374823,0.306666667,Andrew Jackson
Johnson,Andrew,2,9339,1865,4,0.18128655,0.589211618,0.310810811,0.178217822,0.38,0.513618677,0.364864865,Andrew Johnson
Johnson,Andrew,2,7370,1866,4,0.111842105,0.725118483,0.212121212,0.173913043,0.5,0.594972067,0.307692308,Andrew Johnson
Johnson,Andrew,2,12295,1867,4,0.34469697,0.600706714,0.292929293,0.116438356,0.369565217,0.552123552,0.281553398,Andrew Johnson
Johnson,Andrew,2,10319,1868,4,0.223463687,0.656652361,0.152542373,0.09375,0.384615385,0.595744681,0.220338983,Andrew Johnson
Johnson,Lyndon,2,22287,1963,4,0.06763285,0.564660691,0.383078731,0.16,0.385229541,0.52033195,0.266423358,Lyndon Johnson
Johnson,Lyndon,2,46251,1964,1,0.081081081,0.578816199,0.358683927,0.141357593,0.453878407,0.545355981,0.275881365,Lyndon Johnson
Johnson,Lyndon,2,108046,1964,2,0.107678328,0.551377119,0.370423205,0.147580926,0.408890669,0.569980053,0.286380368,Lyndon Johnson
Johnson,Lyndon,2,83371,1964,3,0.107983623,0.503579098,0.348886856,0.148287385,0.424787606,0.535501132,0.266037736,Lyndon Johnson
Johnson,Lyndon,2,114229,1964,4,0.08991009,0.504859611,0.366181897,0.156382631,0.400900901,0.547103194,0.271709937,Lyndon Johnson
Johnson,Lyndon,2,35848,1965,1,0.081012658,0.526430123,0.316151203,0.158887786,0.453734671,0.547169811,0.274928775,Lyndon Johnson
Johnson,Lyndon,2,54388,1965,2,0.129783694,0.532559313,0.337837838,0.145003266,0.441111111,0.553941267,0.258402204,Lyndon Johnson
Johnson,Lyndon,2,46480,1965,3,0.082758621,0.598365808,0.341641337,0.135521886,0.418628454,0.527900147,0.279448622,Lyndon Johnson
Johnson,Lyndon,2,10621,1965,4,0.08583691,0.575471698,0.399433428,0.107623318,0.380090498,0.560330579,0.198847262,Lyndon Johnson
Johnson,Lyndon,2,51950,1966,1,0.052842274,0.582501468,0.382901319,0.109065156,0.440061872,0.596679688,0.25094697,Lyndon Johnson
Johnson,Lyndon,2,52535,1966,2,0.084690554,0.558203991,0.352968677,0.11183355,0.422914912,0.58065607,0.252431907,Lyndon Johnson
Johnson,Lyndon,2,98108,1966,3,0.100144439,0.549056604,0.366946779,0.10273296,0.433580247,0.600422833,0.266506282,Lyndon Johnson
Johnson,Lyndon,2,83277,1966,4,0.082382134,0.568913858,0.333988764,0.123154787,0.435585805,0.60545753,0.254182565,Lyndon Johnson
Johnson,Lyndon,2,46276,1967,1,0.131845842,0.604853765,0.358567775,0.08466966,0.501079914,0.587495634,0.256110521,Lyndon Johnson
Johnson,Lyndon,2,38595,1967,2,0.106159895,0.545325779,0.322102426,0.146296296,0.428571429,0.570133794,0.254620123,Lyndon Johnson
Johnson,Lyndon,2,38086,1967,3,0.120551091,0.632716049,0.326086957,0.108751062,0.460658083,0.56800723,0.255230126,Lyndon Johnson
Johnson,Lyndon,2,50302,1967,4,0.103607771,0.578612349,0.400703871,0.106283422,0.436,0.596141269,0.265422499,Lyndon Johnson
Johnson,Lyndon,2,57868,1968,1,0.132169576,0.554989817,0.368465788,0.139297125,0.464285714,0.570233631,0.270114943,Lyndon Johnson
Johnson,Lyndon,2,41378,1968,2,0.086653386,0.552686671,0.354881266,0.128626692,0.440166493,0.575471698,0.270397842,Lyndon Johnson
Johnson,Lyndon,2,40676,1968,3,0.142038946,0.530898876,0.363143631,0.133396405,0.400713436,0.587685113,0.290592334,Lyndon Johnson
Johnson,Lyndon,2,28292,1968,4,0.070959264,0.580427447,0.399305556,0.103092784,0.406622517,0.564792176,0.257013575,Lyndon Johnson
Johnson,Lyndon,2,11778,1969,1,0.089965398,0.470588235,0.32721202,0.144444444,0.457964602,0.590043924,0.252189142,Lyndon Johnson
Kennedy,John,2,42747,1961,1,0.083063646,0.638357705,0.33655706,0.119891008,0.557465091,0.595833333,0.244722955,John Kennedy
Kennedy,John,2,44500,1961,2,0.13830955,0.598587724,0.329531052,0.145639289,0.491304348,0.608159068,0.261904762,John Kennedy
Kennedy,John,2,18507,1961,3,0.125842697,0.622828784,0.380701754,0.149139579,0.537313433,0.615686275,0.246891652,John Kennedy
Kennedy,John,2,35185,1961,4,0.149300156,0.609347443,0.3352,0.134822167,0.553264605,0.621425329,0.279742765,John Kennedy
Kennedy,John,2,59285,1962,1,0.100456621,0.662386081,0.307371349,0.125475285,0.621642364,0.626984127,0.22752809,John Kennedy
Kennedy,John,2,65327,1962,2,0.084784254,0.62541806,0.318933824,0.124771759,0.556027165,0.610659656,0.266042155,John Kennedy
Kennedy,John,2,45904,1962,3,0.101387407,0.645067134,0.326349206,0.130187144,0.620987654,0.624743677,0.278783959,John Kennedy
Kennedy,John,2,46908,1962,4,0.07669832,0.565107459,0.35261324,0.1359045,0.507614213,0.609544469,0.256540698,John Kennedy
Kennedy,John,2,43407,1963,1,0.12039312,0.639926516,0.303507516,0.151215122,0.675595238,0.646159194,0.27252907,John Kennedy
Kennedy,John,2,55755,1963,2,0.106877323,0.542157325,0.285386819,0.137197359,0.580498866,0.592171383,0.255005889,John Kennedy
Kennedy,John,2,58668,1963,3,0.124637681,0.593978102,0.326693227,0.126173709,0.583941606,0.594580374,0.268082954,John Kennedy
Kennedy,John,2,40377,1963,4,0.113842173,0.613333333,0.305833333,0.115745568,0.566917293,0.609649123,0.256518082,John Kennedy
Lincoln,Abraham ,2,7121,1861,4,0.327160494,0.642105263,0.280487805,0.125,0.514285714,0.638888889,0.204819277,Abraham  Lincoln
Lincoln,Abraham ,2,8608,1862,4,0.303571429,0.752427184,0.327272727,0.110091743,0.46,0.632183908,0.19047619,Abraham  Lincoln
Lincoln,Abraham ,2,6331,1863,4,0.222222222,0.604278075,0.234042553,0.142857143,0.340909091,0.652733119,0.346938776,Abraham  Lincoln
Lincoln,Abraham ,2,6143,1864,4,0.283185841,0.74137931,0.075,0.191489362,0.185185185,0.630914826,0.243902439,Abraham  Lincoln
McKinley,William,2,12352,1897,4,0.205223881,0.752066116,0.197674419,0.136842105,0.288135593,0.5828125,0.264367816,William McKinley
McKinley,William,2,20907,1898,4,0.143157895,0.717569787,0.225,0.085106383,0.168316832,0.576115486,0.346456693,William McKinley
McKinley,William,2,23372,1899,4,0.190763052,0.720524017,0.201438849,0.105263158,0.376344086,0.56453202,0.282051282,William McKinley
McKinley,William,2,19883,1900,4,0.161209068,0.687392055,0.169354839,0.135338346,0.224719101,0.53470437,0.269230769,William McKinley
Monroe,James,2,4449,1817,4,0.135135135,0.747474747,0.228571429,0.118644068,0.590909091,0.610294118,0.21875,James Monroe
Monroe,James,2,4376,1818,4,0.383838384,0.737864078,0.2,0.224489796,0.5,0.577464789,0.333333333,James Monroe
Monroe,James,2,4715,1819,4,0.160714286,0.740384615,0.212121212,0.166666667,0.333333333,0.65,0.212121212,James Monroe
Monroe,James,2,4494,1821,1,0.264150943,0.646551724,0.211538462,0.256410256,0.318181818,0.565972222,0.407407407,James Monroe
Monroe,James,2,5898,1821,4,0.209677419,0.813559322,0.285714286,0.088888889,0.428571429,0.578666667,0.428571429,James Monroe
Monroe,James,2,4809,1822,4,0.138461538,0.745901639,0.085106383,0.170212766,0.344827586,0.540540541,0.260869565,James Monroe
Monroe,James,2,6509,1823,4,0.205882353,0.75,0.18,0.220779221,0.375,0.514619883,0.28,James Monroe
Monroe,James,2,8481,1824,4,0.182539683,0.707920792,0.283783784,0.087591241,0.411764706,0.576374745,0.342465753,James Monroe
Nixon,Richard,2,4678,1968,3,0.154761905,0.480392157,0.385620915,0.214814815,0.457142857,0.53875969,0.337748344,Richard Nixon
Nixon,Richard,2,44891,1969,1,0.101113173,0.573490814,0.332612223,0.133014354,0.492924528,0.655584248,0.217948718,Richard Nixon
Nixon,Richard,2,38086,1969,2,0.138190955,0.56015625,0.334,0.144672532,0.419078242,0.638992152,0.247275204,Richard Nixon
Nixon,Richard,2,30950,1969,3,0.118858954,0.531305903,0.36672326,0.142671855,0.438914027,0.594853683,0.234210526,Richard Nixon
Nixon,Richard,2,27926,1969,4,0.13559322,0.596356663,0.339473684,0.17370892,0.381699346,0.643066121,0.232014388,Richard Nixon
Nixon,Richard,2,38684,1970,1,0.098859316,0.676400477,0.342512909,0.124439462,0.402843602,0.633348478,0.283961437,Richard Nixon
Nixon,Richard,2,23204,1970,2,0.235827664,0.61097561,0.378103837,0.137614679,0.430127042,0.62166405,0.268571429,Richard Nixon
Nixon,Richard,2,15727,1970,3,0.132132132,0.608928571,0.374795417,0.103626943,0.473239437,0.674012856,0.19897084,Richard Nixon
Nixon,Richard,2,32975,1970,4,0.140439932,0.533678756,0.343968872,0.139118457,0.442508711,0.637438424,0.252818035,Richard Nixon
Nixon,Richard,2,28432,1971,1,0.168498168,0.561497326,0.361516035,0.149802891,0.445825933,0.619340414,0.262116716,Richard Nixon
Nixon,Richard,2,25668,1971,2,0.230620155,0.590180361,0.340040241,0.131623932,0.45508982,0.639344262,0.246900826,Richard Nixon
Nixon,Richard,2,30937,1971,3,0.23381295,0.588414634,0.329443447,0.167105263,0.480252765,0.623158964,0.231123389,Richard Nixon
Nixon,Richard,2,25127,1971,4,0.183098592,0.610609481,0.369318182,0.1312,0.441810345,0.653821857,0.253254438,Richard Nixon
Nixon,Richard,2,27324,1972,1,0.158478605,0.646833013,0.37295082,0.158571429,0.46953405,0.623673925,0.277196653,Richard Nixon
Nixon,Richard,2,28217,1972,2,0.229559748,0.596616207,0.360934183,0.174770039,0.479125249,0.594137542,0.262419006,Richard Nixon
Nixon,Richard,2,26761,1972,3,0.17384106,0.553846154,0.38483965,0.14351145,0.4234375,0.595959596,0.249749248,Richard Nixon
Nixon,Richard,2,29509,1972,4,0.183391003,0.57223796,0.41955836,0.176291793,0.426785714,0.593311758,0.286173633,Richard Nixon
Nixon,Richard,2,79723,1973,1,0.146936347,0.631734754,0.389858687,0.154602324,0.387154326,0.613392293,0.300461603,Richard Nixon
Nixon,Richard,2,13811,1973,2,0.166666667,0.539256198,0.370143149,0.215686275,0.402061856,0.573932092,0.28,Richard Nixon
Nixon,Richard,2,20177,1973,3,0.125984252,0.615615616,0.361516035,0.095092025,0.358778626,0.627606039,0.279346211,Richard Nixon
Nixon,Richard,2,14689,1973,4,0.093663912,0.6625,0.42047532,0.137724551,0.381333333,0.586061246,0.278719397,Richard Nixon
Nixon,Richard,2,47876,1974,1,0.110273327,0.703648915,0.350148368,0.142594296,0.408219178,0.600944081,0.314996232,Richard Nixon
Nixon,Richard,2,18229,1974,2,0.127272727,0.549679487,0.366336634,0.171830986,0.391304348,0.596671949,0.252129472,Richard Nixon
Nixon,Richard,2,12181,1974,3,0.128571429,0.563291139,0.365079365,0.216066482,0.404878049,0.535971223,0.300230947,Richard Nixon
Obama,Barack,2,264670,2009,1,0.123762376,0.638512787,0.410971728,0.10434372,0.414182111,0.583514234,0.287528648,Barack Obama
Obama,Barack,2,231506,2009,2,0.137828668,0.593812375,0.387538718,0.115315585,0.437884379,0.595393275,0.270828273,Barack Obama
Obama,Barack,2,178034,2009,3,0.128616352,0.587657106,0.40198974,0.125443787,0.399871836,0.58617803,0.265211851,Barack Obama
Obama,Barack,2,143621,2009,4,0.127827648,0.576394503,0.392044368,0.122948925,0.370872142,0.568452381,0.279698667,Barack Obama
Obama,Barack,2,176055,2010,1,0.107020548,0.585235378,0.413946117,0.111156187,0.385546335,0.593305193,0.300627312,Barack Obama
Obama,Barack,2,215048,2010,2,0.127446184,0.584686775,0.403690429,0.116046084,0.382450331,0.572220863,0.276383266,Barack Obama
Obama,Barack,2,237404,2010,3,0.141341161,0.586375035,0.4162267,0.106483993,0.375745527,0.578081574,0.306844484,Barack Obama
Obama,Barack,2,182198,2010,4,0.103402089,0.582747385,0.392803186,0.124670764,0.406799193,0.576833301,0.282367794,Barack Obama
Obama,Barack,2,162486,2011,1,0.109815618,0.596832398,0.412711313,0.133472963,0.403195131,0.582657517,0.273494375,Barack Obama
Obama,Barack,2,139702,2011,2,0.13363732,0.564068399,0.407955597,0.135344828,0.39050021,0.568403116,0.291245791,Barack Obama
Obama,Barack,2,121789,2011,3,0.120166793,0.616748009,0.444274476,0.113577697,0.405764967,0.569237205,0.303063943,Barack Obama
Obama,Barack,2,187698,2011,4,0.094842767,0.5986671,0.433470898,0.129613585,0.359275731,0.579102347,0.299826188,Barack Obama
Obama,Barack,2,233725,2012,1,0.128957169,0.645371192,0.43708124,0.110791367,0.357566766,0.591192384,0.300554017,Barack Obama
Obama,Barack,2,273046,2012,2,0.117061517,0.631099005,0.430181418,0.109177954,0.358609473,0.603381786,0.275594235,Barack Obama
Obama,Barack,2,114576,2012,3,0.173496541,0.578585191,0.410132436,0.119878184,0.399641577,0.593053546,0.284497445,Barack Obama
Obama,Barack,2,118958,2012,4,0.128888889,0.592132505,0.451903397,0.115786652,0.404450262,0.598643148,0.285594815,Barack Obama
Obama,Barack,2,129607,2013,1,0.117482517,0.580698056,0.414902625,0.134484563,0.398431049,0.592132255,0.276604912,Barack Obama
Obama,Barack,2,213916,2013,2,0.150123457,0.557360406,0.387812341,0.124600639,0.376762402,0.59033535,0.291183748,Barack Obama
Obama,Barack,2,171624,2013,3,0.146399055,0.583002526,0.426582483,0.108556039,0.41975762,0.623274897,0.299785867,Barack Obama
Obama,Barack,2,129891,2013,4,0.131098854,0.564876426,0.412649894,0.117146213,0.383316783,0.59673187,0.297510771,Barack Obama
Obama,Barack,2,156344,2014,1,0.113202085,0.632802249,0.408520841,0.144065688,0.373845586,0.607669617,0.301259162,Barack Obama
Obama,Barack,2,176626,2014,2,0.134407182,0.550953772,0.400067923,0.13590783,0.360504775,0.589322575,0.308530888,Barack Obama
Obama,Barack,2,126736,2014,3,0.213301982,0.569840604,0.452233525,0.147941567,0.360840595,0.581166273,0.342453465,Barack Obama
Obama,Barack,2,138804,2014,4,0.142007435,0.621066434,0.407711395,0.138983051,0.394571204,0.608059024,0.282638215,Barack Obama
Obama,Barack,2,154387,2015,1,0.196726573,0.595401847,0.411081323,0.144022322,0.376556462,0.6088988,0.309212913,Barack Obama
Obama,Barack,2,158826,2015,2,0.138110749,0.586557675,0.369781659,0.152219382,0.375127076,0.610118146,0.281361368,Barack Obama
Obama,Barack,2,168439,2015,3,0.180006133,0.60727336,0.392869565,0.153669725,0.389289784,0.608509015,0.283669141,Barack Obama
Obama,Barack,2,121122,2015,4,0.22087638,0.591338975,0.407325467,0.13209607,0.39329806,0.619972826,0.300298063,Barack Obama
Obama,Barack,2,128073,2016,1,0.17691208,0.575424337,0.407813146,0.14922426,0.394371482,0.609240771,0.293226756,Barack Obama
Obama,Barack,2,122161,2016,2,0.207375271,0.592248062,0.384188961,0.130949106,0.391757955,0.619796252,0.294893721,Barack Obama
Obama,Barack,2,97603,2016,3,0.186164229,0.525034294,0.377156299,0.150162866,0.389098759,0.602388252,0.288451304,Barack Obama
Obama,Barack,2,87519,2016,4,0.202949438,0.553789279,0.376166115,0.133095132,0.383797468,0.598795382,0.281862745,Barack Obama
Obama,Barack,2,34026,2017,1,0.196917808,0.537572254,0.332600733,0.168449198,0.45841785,0.628194208,0.275222552,Barack Obama
Pierce,Franklin,2,9774,1853,4,0.183006536,0.691119691,0.242424242,0.103896104,0.3,0.590814196,0.235294118,Franklin Pierce
Pierce,Franklin,2,10298,1854,4,0.300518135,0.641025641,0.195121951,0.06,0.339622642,0.580530973,0.273809524,Franklin Pierce
Pierce,Franklin,2,11738,1855,4,0.193675889,0.692041522,0.088888889,0.096153846,0.322580645,0.623188406,0.3125,Franklin Pierce
Pierce,Franklin,2,10641,1856,4,0.274336283,0.707692308,0.270833333,0.104166667,0.342857143,0.587734242,0.28,Franklin Pierce
Polk,James,2,4815,1845,1,0.2,0.448979592,0.266666667,0.172727273,0.217391304,0.538461538,0.276315789,James Polk
Polk,James,2,16341,1845,4,0.132686084,0.699386503,0.162790698,0.143646409,0.3625,0.628605769,0.196969697,James Polk
Polk,James,2,18519,1846,4,0.224543081,0.722891566,0.262711864,0.107142857,0.345454545,0.595794393,0.357142857,James Polk
Polk,James,2,16742,1847,4,0.263513514,0.649874055,0.26056338,0.181102362,0.285714286,0.576968273,0.35483871,James Polk
Polk,James,2,21701,1848,4,0.138075314,0.736616702,0.178571429,0.224215247,0.362068966,0.611357587,0.3203125,James Polk
Reagan,Ronald,2,86153,1981,1,0.113185531,0.569419401,0.360035211,0.118170267,0.448095983,0.577877186,0.227958937,Ronald Reagan
Reagan,Ronald,2,51216,1981,2,0.104707012,0.499385749,0.37650933,0.141815235,0.432043204,0.585239085,0.242117117,Ronald Reagan
Reagan,Ronald,2,79497,1981,3,0.132166566,0.554882395,0.365677626,0.136363636,0.389450867,0.565122853,0.267456105,Ronald Reagan
Reagan,Ronald,2,109954,1981,4,0.140420468,0.563064225,0.366280566,0.131091802,0.443026837,0.573151871,0.253613666,Ronald Reagan
Reagan,Ronald,2,132856,1982,1,0.14970297,0.559990979,0.354564756,0.123569794,0.455,0.583984116,0.231802426,Ronald Reagan
Reagan,Ronald,2,165024,1982,2,0.123931624,0.543245694,0.379619663,0.122033898,0.416317317,0.57953931,0.245552907,Ronald Reagan
Reagan,Ronald,2,120906,1982,3,0.150228881,0.543006536,0.366586538,0.120058034,0.434045986,0.58287691,0.244712248,Ronald Reagan
Reagan,Ronald,2,151866,1982,4,0.147934678,0.535064935,0.361917494,0.129559064,0.429644809,0.5917023,0.25333857,Ronald Reagan
Reagan,Ronald,2,182381,1983,1,0.144982589,0.579688535,0.348203593,0.132968651,0.47937025,0.585965868,0.241489849,Ronald Reagan
Reagan,Ronald,2,172250,1983,2,0.14749348,0.529309445,0.362824541,0.138092061,0.438543247,0.581230284,0.253218157,Ronald Reagan
Reagan,Ronald,2,129892,1983,3,0.118752349,0.539718566,0.361079865,0.14290333,0.396907216,0.564872758,0.248906286,Ronald Reagan
Reagan,Ronald,2,126571,1983,4,0.127383677,0.544506259,0.363428571,0.14637037,0.413183972,0.571972367,0.256024096,Ronald Reagan
Reagan,Ronald,2,168075,1984,1,0.146886016,0.518124436,0.372683253,0.14911366,0.458881579,0.57816092,0.260906612,Ronald Reagan
Reagan,Ronald,2,180660,1984,2,0.115156419,0.523747981,0.349731227,0.146847043,0.403693931,0.567273447,0.251376147,Ronald Reagan
Reagan,Ronald,2,178349,1984,3,0.138814418,0.52849124,0.364114462,0.141864871,0.452819333,0.561631775,0.252138106,Ronald Reagan
Reagan,Ronald,2,193470,1984,4,0.196043622,0.478955249,0.386412173,0.147315623,0.44139284,0.5610593,0.262433574,Ronald Reagan
Reagan,Ronald,2,120964,1985,1,0.144822006,0.523061581,0.375330396,0.136769364,0.455338596,0.569450215,0.246858169,Ronald Reagan
Reagan,Ronald,2,159034,1985,2,0.161564626,0.50008679,0.342298762,0.162748644,0.414355062,0.556991906,0.249655444,Ronald Reagan
Reagan,Ronald,2,77593,1985,3,0.136450993,0.511802173,0.368238558,0.13877551,0.440780619,0.576430206,0.261887864,Ronald Reagan
Reagan,Ronald,2,123040,1985,4,0.226744186,0.475325313,0.375564589,0.138418948,0.418820679,0.545441595,0.271996324,Ronald Reagan
Reagan,Ronald,2,109784,1986,1,0.194715447,0.495687332,0.379383074,0.136265321,0.417831325,0.555868986,0.256786102,Ronald Reagan
Reagan,Ronald,2,110282,1986,2,0.193383222,0.557381394,0.383717699,0.141202028,0.386528497,0.561209794,0.240237691,Ronald Reagan
Reagan,Ronald,2,132386,1986,3,0.153900459,0.512378095,0.367731913,0.155644417,0.397019488,0.57289309,0.24218396,Ronald Reagan
Reagan,Ronald,2,129425,1986,4,0.163592064,0.504533829,0.378192745,0.145007236,0.406390977,0.552572112,0.261156298,Ronald Reagan
Reagan,Ronald,2,68814,1987,1,0.108852459,0.546756529,0.372565622,0.139772046,0.363509749,0.552085936,0.26029724,Ronald Reagan
Reagan,Ronald,2,150056,1987,2,0.153894276,0.526736325,0.348907159,0.133295519,0.411525424,0.5649418,0.230391153,Ronald Reagan
Reagan,Ronald,2,128423,1987,3,0.170977494,0.533631174,0.378727897,0.150776053,0.370711297,0.547361111,0.255324814,Ronald Reagan
Reagan,Ronald,2,151252,1987,4,0.166569087,0.517105781,0.365593522,0.14071607,0.40798153,0.559403721,0.247115968,Ronald Reagan
Reagan,Ronald,2,11670,1988,1,0.226950355,0.479289941,0.440972222,0.186813187,0.387096774,0.562592047,0.328621908,Ronald Reagan
Reagan,Ronald,2,7629,1988,2,0.112676056,0.593155894,0.354740061,0.057591623,0.580786026,0.6328125,0.217391304,Ronald Reagan
Reagan,Ronald,2,4931,1989,1,0.112359551,0.565420561,0.392694064,0.141176471,0.363636364,0.447916667,0.321266968,Ronald Reagan
Roosevelt,Franklin,2,4331,1932,3,0.153846154,0.658914729,0.352941176,0.044776119,0.3625,0.453333333,0.224489796,Franklin Roosevelt
Roosevelt,Franklin,2,9626,1933,1,0.244274809,0.676012461,0.413385827,0.087837838,0.359756098,0.571843251,0.255144033,Franklin Roosevelt
Roosevelt,Franklin,2,10874,1933,2,0.293706294,0.622282609,0.411347518,0.085889571,0.342857143,0.566906475,0.237918216,Franklin Roosevelt
Roosevelt,Franklin,2,11946,1933,3,0.135416667,0.685393258,0.411609499,0.108247423,0.423664122,0.595041322,0.206043956,Franklin Roosevelt
Roosevelt,Franklin,2,21522,1933,4,0.186746988,0.596676737,0.363825364,0.096774194,0.375776398,0.570707071,0.263383298,Franklin Roosevelt
Roosevelt,Franklin,2,15156,1934,1,0.260504202,0.668049793,0.36,0.12749004,0.34562212,0.576996198,0.214673913,Franklin Roosevelt
Roosevelt,Franklin,2,11678,1934,2,0.17877095,0.573816156,0.296296296,0.136612022,0.445783133,0.598290598,0.252873563,Franklin Roosevelt
Roosevelt,Franklin,2,18638,1934,3,0.198473282,0.603960396,0.321499014,0.150793651,0.373056995,0.553448276,0.224279835,Franklin Roosevelt
Roosevelt,Franklin,2,17708,1934,4,0.199052133,0.617702448,0.413483146,0.083333333,0.387820513,0.585544373,0.239726027,Franklin Roosevelt
Roosevelt,Franklin,2,25190,1935,2,0.168674699,0.702970297,0.376447876,0.099644128,0.385041551,0.580773606,0.20990099,Franklin Roosevelt
Roosevelt,Franklin,2,13378,1935,3,0.143678161,0.71319797,0.384126984,0.125,0.406091371,0.579710145,0.242622951,Franklin Roosevelt
Roosevelt,Franklin,2,21892,1935,4,0.245791246,0.573051948,0.3890625,0.158415842,0.399014778,0.58097313,0.258426966,Franklin Roosevelt
Roosevelt,Franklin,2,17076,1936,1,0.19858156,0.590192644,0.361256545,0.11965812,0.360294118,0.548592189,0.197889182,Franklin Roosevelt
Roosevelt,Franklin,2,21743,1936,2,0.24137931,0.625806452,0.327231121,0.160655738,0.367346939,0.58677686,0.248291572,Franklin Roosevelt
Roosevelt,Franklin,2,33025,1936,3,0.150423729,0.587755102,0.321888412,0.154440154,0.37652439,0.587793897,0.228381375,Franklin Roosevelt
Roosevelt,Franklin,2,67676,1936,4,0.179012346,0.585327784,0.374304502,0.124709527,0.374799358,0.566757493,0.251303441,Franklin Roosevelt
Roosevelt,Franklin,2,23232,1937,1,0.164502165,0.660954712,0.389105058,0.141618497,0.443148688,0.578874218,0.22310757,Franklin Roosevelt
Roosevelt,Franklin,2,9699,1937,2,0.225806452,0.63099631,0.409893993,0.083333333,0.526570048,0.595135908,0.210909091,Franklin Roosevelt
Roosevelt,Franklin,2,16845,1937,3,0.232472325,0.594736842,0.318734793,0.157258065,0.403041825,0.582768635,0.248101266,Franklin Roosevelt
Roosevelt,Franklin,2,25441,1937,4,0.143292683,0.580645161,0.30964467,0.122015915,0.458885942,0.545350172,0.242160279,Franklin Roosevelt
Roosevelt,Franklin,2,25667,1938,1,0.254794521,0.641843972,0.354632588,0.154727794,0.406483791,0.598540146,0.250409165,Franklin Roosevelt
Roosevelt,Franklin,2,36274,1938,2,0.131045242,0.596208531,0.329920364,0.100877193,0.427701674,0.599559471,0.247337278,Franklin Roosevelt
Roosevelt,Franklin,2,29726,1938,3,0.09946714,0.572590012,0.335654596,0.130952381,0.382258065,0.563829787,0.254758419,Franklin Roosevelt
Roosevelt,Franklin,2,21666,1938,4,0.133333333,0.598603839,0.311418685,0.077192982,0.394067797,0.553911205,0.247739602,Franklin Roosevelt
Roosevelt,Franklin,2,22648,1939,1,0.157248157,0.598148148,0.388994307,0.104234528,0.3832021,0.612033195,0.251461988,Franklin Roosevelt
Roosevelt,Franklin,2,19658,1939,2,0.2,0.570336391,0.362612613,0.124620061,0.346153846,0.565367965,0.192037471,Franklin Roosevelt
Roosevelt,Franklin,2,16851,1939,3,0.183976261,0.557809331,0.367298578,0.103825137,0.492625369,0.528616852,0.23019802,Franklin Roosevelt
Roosevelt,Franklin,2,12642,1939,4,0.234146341,0.628361858,0.325203252,0.131818182,0.438914027,0.584474886,0.216524217,Franklin Roosevelt
Roosevelt,Franklin,2,22296,1940,1,0.171875,0.599105812,0.342512909,0.128608924,0.367724868,0.565998618,0.231858407,Franklin Roosevelt
Roosevelt,Franklin,2,20257,1940,2,0.244444444,0.630397237,0.340248963,0.145502646,0.406015038,0.570254111,0.223628692,Franklin Roosevelt
Roosevelt,Franklin,2,29920,1940,3,0.204592902,0.611428571,0.367593712,0.095327103,0.406130268,0.536262573,0.258939581,Franklin Roosevelt
Roosevelt,Franklin,2,45334,1940,4,0.212336892,0.55498155,0.363802559,0.165934066,0.387959866,0.531027104,0.27281106,Franklin Roosevelt
Roosevelt,Franklin,2,19618,1941,1,0.225,0.617647059,0.33037694,0.134796238,0.391634981,0.60587792,0.243735763,Franklin Roosevelt
Roosevelt,Franklin,2,14741,1941,2,0.247104247,0.539719626,0.374689826,0.157534247,0.495652174,0.522875817,0.289276808,Franklin Roosevelt
Roosevelt,Franklin,2,20662,1941,3,0.287790698,0.611214953,0.365200765,0.134185304,0.447293447,0.544568245,0.287968442,Franklin Roosevelt
Roosevelt,Franklin,2,26996,1941,4,0.228037383,0.569210867,0.338044759,0.119868637,0.476694915,0.542622951,0.242788462,Franklin Roosevelt
Roosevelt,Franklin,2,24250,1942,1,0.269387755,0.660329531,0.349768875,0.115062762,0.50297619,0.561524047,0.290679305,Franklin Roosevelt
Roosevelt,Franklin,2,10268,1942,2,0.269565217,0.61589404,0.311897106,0.125581395,0.516483516,0.545886076,0.234113712,Franklin Roosevelt
Roosevelt,Franklin,2,11764,1942,3,0.332129964,0.616519174,0.409252669,0.146226415,0.476744186,0.529177719,0.284172662,Franklin Roosevelt
Roosevelt,Franklin,2,19998,1942,4,0.21369863,0.642086331,0.364583333,0.102484472,0.445026178,0.586892489,0.264084507,Franklin Roosevelt
Roosevelt,Franklin,2,22923,1943,1,0.241444867,0.581325301,0.375521558,0.101010101,0.460620525,0.530909091,0.285306705,Franklin Roosevelt
Roosevelt,Franklin,2,13981,1943,2,0.173913043,0.595454545,0.368421053,0.108303249,0.455197133,0.547511312,0.283618582,Franklin Roosevelt
Roosevelt,Franklin,2,14447,1943,3,0.233038348,0.602352941,0.392018779,0.170212766,0.506666667,0.48943662,0.26618705,Franklin Roosevelt
Roosevelt,Franklin,2,14864,1943,4,0.201863354,0.575963719,0.367032967,0.141843972,0.482993197,0.518987342,0.252796421,Franklin Roosevelt
Roosevelt,Franklin,2,13477,1944,1,0.283076923,0.495515695,0.394736842,0.077669903,0.515957447,0.467889908,0.292537313,Franklin Roosevelt
Roosevelt,Franklin,2,12432,1944,2,0.165492958,0.563421829,0.362745098,0.103773585,0.461538462,0.595823096,0.284634761,Franklin Roosevelt
Roosevelt,Franklin,2,18561,1944,3,0.178217822,0.604417671,0.322525597,0.125333333,0.425531915,0.56684492,0.211267606,Franklin Roosevelt
Roosevelt,Franklin,2,36233,1944,4,0.217283951,0.540019286,0.371267151,0.138669673,0.421437272,0.534306569,0.272141707,Franklin Roosevelt
Roosevelt,Franklin,2,21816,1945,1,0.174204355,0.592178771,0.369485294,0.153985507,0.441558442,0.513857678,0.305243446,Franklin Roosevelt
Roosevelt,Theodore,2,19750,1901,4,0.347931873,0.675,0.353535354,0.174342105,0.296296296,0.500778816,0.298507463,Theodore Roosevelt
Roosevelt,Theodore,2,9849,1902,4,0.256038647,0.751748252,0.307692308,0.101351351,0.434782609,0.553064275,0.339805825,Theodore Roosevelt
Roosevelt,Theodore,2,14821,1903,4,0.266211604,0.714285714,0.292134831,0.139705882,0.24137931,0.586445367,0.290322581,Theodore Roosevelt
Roosevelt,Theodore,2,17589,1904,4,0.3514377,0.692028986,0.32,0.157068063,0.276923077,0.565037283,0.374193548,Theodore Roosevelt
Roosevelt,Theodore,2,25202,1905,4,0.309701493,0.695331695,0.330543933,0.109649123,0.353846154,0.553157895,0.270042194,Theodore Roosevelt
Roosevelt,Theodore,2,23778,1906,4,0.401109057,0.696598639,0.326086957,0.087628866,0.318181818,0.548232475,0.302197802,Theodore Roosevelt
Roosevelt,Theodore,2,27675,1907,4,0.31809872,0.731082654,0.283653846,0.140096618,0.341666667,0.530988275,0.248803828,Theodore Roosevelt
Roosevelt,Theodore,2,19573,1908,4,0.354271357,0.727731092,0.268456376,0.139240506,0.402777778,0.519936204,0.291390728,Theodore Roosevelt
Taft,William,2,5446,1909,1,0.151785714,0.695187166,0.25,0.1,0.245283019,0.517857143,0.418918919,William Taft
Taft,William,2,13987,1909,4,0.184115523,0.76169265,0.134615385,0.181818182,0.363636364,0.62339515,0.29245283,William Taft
Taft,William,2,29000,1910,4,0.126315789,0.754608295,0.230769231,0.129032258,0.442307692,0.624420402,0.260273973,William Taft
Taft,William,2,24236,1911,4,0.149193548,0.725153374,0.229508197,0.153846154,0.301136364,0.608212147,0.240437158,William Taft
Taft,William,2,10740,1912,4,0.126984127,0.74715262,0.195121951,0.09947644,0.433566434,0.585950413,0.255102041,William Taft
Taylor,Zachary,2,7704,1849,4,0.188311688,0.759615385,0.192307692,0.126315789,0.426666667,0.580645161,0.25,Zachary Taylor
Truman,Harry,2,22820,1945,2,0.115530303,0.512850467,0.347873501,0.166219839,0.394459103,0.481992337,0.242873432,Harry Truman
Truman,Harry,2,16113,1945,3,0.098684211,0.592445328,0.29,0.125,0.379310345,0.52989449,0.237068966,Harry Truman
Truman,Harry,2,30728,1945,4,0.145896657,0.662973223,0.3200883,0.181338028,0.464344942,0.534545455,0.273768614,Harry Truman
Truman,Harry,2,55380,1946,1,0.097184378,0.687657431,0.324912281,0.144404332,0.483417085,0.538387716,0.249444856,Harry Truman
Truman,Harry,2,25524,1946,2,0.120689655,0.603009259,0.35042735,0.167630058,0.443467337,0.514940931,0.259428571,Harry Truman
Truman,Harry,2,11040,1946,3,0.06557377,0.72265625,0.335429769,0.093023256,0.437229437,0.554269175,0.196721311,Harry Truman
Truman,Harry,2,15081,1946,4,0.096858639,0.6046875,0.358078603,0.178571429,0.528947368,0.509758898,0.278846154,Harry Truman
Truman,Harry,2,27647,1947,1,0.100638978,0.617946346,0.321100917,0.20746888,0.453355155,0.546599496,0.253910951,Harry Truman
Truman,Harry,2,30863,1947,2,0.12191358,0.623414634,0.341941229,0.151603499,0.428005284,0.512492737,0.247903075,Harry Truman
Truman,Harry,2,18307,1947,3,0.065340909,0.588617886,0.345375723,0.164670659,0.42209073,0.503355705,0.225460123,Harry Truman
Truman,Harry,2,18581,1947,4,0.091772152,0.666666667,0.29957204,0.165876777,0.462053571,0.519269777,0.233183857,Harry Truman
Truman,Harry,2,23359,1948,1,0.101663586,0.625890736,0.361313869,0.215031315,0.456171735,0.527190332,0.264102564,Harry Truman
Truman,Harry,2,30792,1948,2,0.076023392,0.642343268,0.369328494,0.194244604,0.456762749,0.534482759,0.255813953,Harry Truman
Truman,Harry,2,59434,1948,3,0.111854685,0.628231644,0.358738502,0.185667752,0.398814564,0.512911213,0.281271129,Harry Truman
Truman,Harry,2,71737,1948,4,0.101791841,0.541276942,0.366619784,0.209230769,0.394673123,0.514899329,0.282502444,Harry Truman
Truman,Harry,2,33071,1949,1,0.09529703,0.612929624,0.320224719,0.177474403,0.450421941,0.505446623,0.243220339,Harry Truman
Truman,Harry,2,23250,1949,2,0.077060932,0.622663551,0.320231214,0.186046512,0.413589365,0.554756195,0.259351621,Harry Truman
Truman,Harry,2,34547,1949,3,0.139175258,0.617880317,0.348739496,0.169075145,0.396805897,0.544164038,0.249329759,Harry Truman
Truman,Harry,2,17330,1949,4,0.051948052,0.603421462,0.31277533,0.162962963,0.45323741,0.470046083,0.2875,Harry Truman
Truman,Harry,2,31953,1950,1,0.093516209,0.691213389,0.307178631,0.167987322,0.469483568,0.520601336,0.269603524,Harry Truman
Truman,Harry,2,62382,1950,2,0.150231125,0.629320167,0.372378517,0.192654639,0.421267894,0.533275961,0.296726505,Harry Truman
Truman,Harry,2,21171,1950,3,0.141025641,0.62099872,0.335280374,0.169411765,0.469387755,0.500863558,0.254067584,Harry Truman
Truman,Harry,2,26835,1950,4,0.11914324,0.534234996,0.394793926,0.21602289,0.410358566,0.496281271,0.325581395,Harry Truman
Truman,Harry,2,28271,1951,1,0.103347889,0.624505929,0.371453138,0.195340502,0.426886792,0.504860267,0.291288566,Harry Truman
Truman,Harry,2,37207,1951,2,0.16416185,0.596796657,0.366144668,0.174468085,0.464194373,0.530946065,0.283397683,Harry Truman
Truman,Harry,2,36245,1951,3,0.178707224,0.518232819,0.379282869,0.200531208,0.422979798,0.533598805,0.274834437,Harry Truman
Truman,Harry,2,24516,1951,4,0.15942029,0.555232558,0.356257046,0.195175439,0.436170213,0.486092715,0.28436019,Harry Truman
Truman,Harry,2,32783,1952,1,0.11627907,0.571297148,0.401734104,0.16642547,0.405679513,0.523981434,0.295317221,Harry Truman
Truman,Harry,2,57838,1952,2,0.139029689,0.616598778,0.374819798,0.190628328,0.416558862,0.530783582,0.282103134,Harry Truman
Truman,Harry,2,27135,1952,3,0.130898021,0.576470588,0.388481675,0.157464213,0.428156749,0.502210992,0.277227723,Harry Truman
Truman,Harry,2,111021,1952,4,0.135196805,0.549799733,0.411196911,0.167013528,0.401382488,0.537708298,0.286234282,Harry Truman
Truman,Harry,2,16855,1953,1,0.146153846,0.598746082,0.383360522,0.162637363,0.439393939,0.573404255,0.319536424,Harry Truman
Trump,Donald,2,5095,2017,1,0.217821782,0.5,0.394444444,0.15720524,0.296296296,0.453441296,0.357142857,Donald Trump
Tyler,John,2,8346,1841,4,0.293233083,0.737864078,0.246376812,0.153846154,0.2,0.589511754,0.292307692,John Tyler
Tyler,John,2,8532,1842,4,0.308219178,0.689473684,0.142857143,0.333333333,0.243243243,0.571428571,0.30952381,John Tyler
Tyler,John,2,8112,1843,4,0.159090909,0.675,0.368421053,0.132075472,0.255319149,0.573696145,0.22,John Tyler
Tyler,John,2,9366,1844,4,0.208053691,0.64940239,0.225352113,0.160493827,0.222222222,0.576923077,0.132352941,John Tyler
Van Buren,Martin,2,11570,1837,4,0.135416667,0.697416974,0.154929577,0.076923077,0.322580645,0.578871201,0.208333333,Martin Van Buren
Van Buren,Martin,2,11614,1838,4,0.255411255,0.649230769,0.196721311,0.189189189,0.243902439,0.596405229,0.213114754,Martin Van Buren
Van Buren,Martin,2,13533,1839,4,0.240384615,0.671586716,0.271929825,0.080536913,0.38372093,0.58739255,0.178571429,Martin Van Buren
Van Buren,Martin,2,9037,1840,4,0.293333333,0.658227848,0.12244898,0.150943396,0.377777778,0.567970205,0.16,Martin Van Buren
Wilson,Woodrow,2,4553,1914,4,0.371428571,0.612244898,0.266666667,0.180555556,0.473684211,0.548780488,0.357142857,Woodrow Wilson
Wilson,Woodrow,2,7830,1915,4,0.356521739,0.580508475,0.375,0.166666667,0.423076923,0.567307692,0.331360947,Woodrow Wilson
Wilson,Woodrow,2,6427,1918,1,0.235294118,0.470119522,0.346938776,0.194805195,0.391304348,0.499051233,0.344086022,Woodrow Wilson
Wilson,Woodrow,2,8706,1918,4,0.156069364,0.583941606,0.388489209,0.105769231,0.317647059,0.489864865,0.335766423,Woodrow Wilson
Wilson,Woodrow,2,10319,1919,3,0.357615894,0.538057743,0.311377246,0.158536585,0.333333333,0.55483871,0.311377246,Woodrow Wilson
Wilson,Woodrow,2,4777,1919,4,0.276595745,0.699421965,0.255813953,0.222222222,0.235294118,0.51863354,0.434782609,Woodrow Wilson
